spec_itemid,spec_type_desc,test_itemid,test_name
70003,ABSCESS,90240,ACID FAST CULTURE
70005,ASPIRATE,90240,ACID FAST CULTURE
70009,BILE,90240,ACID FAST CULTURE
70010,BIOPSY,90240,ACID FAST CULTURE
70015,BLOOD,90240,ACID FAST CULTURE
70012,BLOOD CULTURE,90240,ACID FAST CULTURE
70018,BONE MARROW,90240,ACID FAST CULTURE
70020,BRONCHIAL BRUSH,90240,ACID FAST CULTURE
70008,BRONCHIAL BRUSH - PROTECTED,90240,ACID FAST CULTURE
70022,BRONCHIAL WASHINGS,90240,ACID FAST CULTURE
70021,BRONCHOALVEOLAR LAVAGE,90240,ACID FAST CULTURE
70023,CATHETER TIP-IV,90240,ACID FAST CULTURE
70027,CORNEAL EYE SCRAPINGS,90240,ACID FAST CULTURE
70026,CSF;SPINAL FLUID,90240,ACID FAST CULTURE
70029,DIALYSIS FLUID,90240,ACID FAST CULTURE
70033,EYE,90240,ACID FAST CULTURE
70013,FLUID RECEIVED IN BLOOD CULTURE BOTTLES,90240,ACID FAST CULTURE
70036,FLUID WOUND,90240,ACID FAST CULTURE
70051,"FLUID,OTHER",90240,ACID FAST CULTURE
70037,FOOT CULTURE,90240,ACID FAST CULTURE
70034,FOREIGN BODY,90240,ACID FAST CULTURE
90912,Foreign Body - Sonication Culture,90240,ACID FAST CULTURE
70047,JOINT FLUID,90240,ACID FAST CULTURE
70090,Mini-BAL,90240,ACID FAST CULTURE
70048,NAIL SCRAPINGS,90240,ACID FAST CULTURE
70053,PERITONEAL FLUID,90240,ACID FAST CULTURE
70054,PLEURAL FLUID,90240,ACID FAST CULTURE
70055,POSTMORTEM CULTURE,90240,ACID FAST CULTURE
90920,PROSTHETIC JOINT FLUID,90240,ACID FAST CULTURE
70061,SKIN SCRAPINGS,90240,ACID FAST CULTURE
70062,SPUTUM,90240,ACID FAST CULTURE
70064,STOOL,90240,ACID FAST CULTURE
70066,STOOL (RECEIVED IN TRANSPORT SYSTEM),90240,ACID FAST CULTURE
70070,SWAB,90240,ACID FAST CULTURE
70067,SWAB,90240,ACID FAST CULTURE
70069,SWAB,90240,ACID FAST CULTURE
70068,SWAB,90240,ACID FAST CULTURE
70076,TISSUE,90240,ACID FAST CULTURE
70072,TRACHEAL ASPIRATE,90240,ACID FAST CULTURE
70079,URINE,90240,ACID FAST CULTURE
70080,"URINE,KIDNEY",90240,ACID FAST CULTURE
70003,ABSCESS,90246,ACID FAST SMEAR
70005,ASPIRATE,90246,ACID FAST SMEAR
70009,BILE,90246,ACID FAST SMEAR
70010,BIOPSY,90246,ACID FAST SMEAR
70018,BONE MARROW,90246,ACID FAST SMEAR
70020,BRONCHIAL BRUSH,90246,ACID FAST SMEAR
70008,BRONCHIAL BRUSH - PROTECTED,90246,ACID FAST SMEAR
70022,BRONCHIAL WASHINGS,90246,ACID FAST SMEAR
70021,BRONCHOALVEOLAR LAVAGE,90246,ACID FAST SMEAR
70026,CSF;SPINAL FLUID,90246,ACID FAST SMEAR
70029,DIALYSIS FLUID,90246,ACID FAST SMEAR
70013,FLUID RECEIVED IN BLOOD CULTURE BOTTLES,90246,ACID FAST SMEAR
70036,FLUID WOUND,90246,ACID FAST SMEAR
70051,"FLUID,OTHER",90246,ACID FAST SMEAR
70037,FOOT CULTURE,90246,ACID FAST SMEAR
70034,FOREIGN BODY,90246,ACID FAST SMEAR
90912,Foreign Body - Sonication Culture,90246,ACID FAST SMEAR
70047,JOINT FLUID,90246,ACID FAST SMEAR
70090,Mini-BAL,90246,ACID FAST SMEAR
70048,NAIL SCRAPINGS,90246,ACID FAST SMEAR
70053,PERITONEAL FLUID,90246,ACID FAST SMEAR
70054,PLEURAL FLUID,90246,ACID FAST SMEAR
70055,POSTMORTEM CULTURE,90246,ACID FAST SMEAR
90920,PROSTHETIC JOINT FLUID,90246,ACID FAST SMEAR
70061,SKIN SCRAPINGS,90246,ACID FAST SMEAR
70062,SPUTUM,90246,ACID FAST SMEAR
70064,STOOL,90246,ACID FAST SMEAR
70070,SWAB,90246,ACID FAST SMEAR
70067,SWAB,90246,ACID FAST SMEAR
70069,SWAB,90246,ACID FAST SMEAR
70068,SWAB,90246,ACID FAST SMEAR
70076,TISSUE,90246,ACID FAST SMEAR
70072,TRACHEAL ASPIRATE,90246,ACID FAST SMEAR
70079,URINE,90246,ACID FAST SMEAR
90902,AMNIOTIC FLUID,90162,ADDITIONAL CELLS COUNTED
70019,BONE MARROW - CYTOGENETICS,90162,ADDITIONAL CELLS COUNTED
90909,CHORIONIC VILLUS SAMPLE,90162,ADDITIONAL CELLS COUNTED
70049,NEOPLASTIC BLOOD,90162,ADDITIONAL CELLS COUNTED
70052,PERIPHERAL BLOOD LYMPHOCYTES,90162,ADDITIONAL CELLS COUNTED
70073,TISSUE,90162,ADDITIONAL CELLS COUNTED
70012,BLOOD CULTURE,90258,AEROBIC BOTTLE
70029,DIALYSIS FLUID,90092,AEROBIC BOTTLE
70013,FLUID RECEIVED IN BLOOD CULTURE BOTTLES,90258,AEROBIC BOTTLE
70013,FLUID RECEIVED IN BLOOD CULTURE BOTTLES,90092,AEROBIC BOTTLE
70013,FLUID RECEIVED IN BLOOD CULTURE BOTTLES,90260,AEROBIC BOTTLE
70053,PERITONEAL FLUID,90092,AEROBIC BOTTLE
70012,BLOOD CULTURE,90117,ANAEROBIC BOTTLE
70011,BLOOD CULTURE ( MYCO/F LYTIC BOTTLE),90117,ANAEROBIC BOTTLE
70029,DIALYSIS FLUID,90093,ANAEROBIC BOTTLE
70013,FLUID RECEIVED IN BLOOD CULTURE BOTTLES,90117,ANAEROBIC BOTTLE
70013,FLUID RECEIVED IN BLOOD CULTURE BOTTLES,90093,ANAEROBIC BOTTLE
70013,FLUID RECEIVED IN BLOOD CULTURE BOTTLES,90261,ANAEROBIC BOTTLE
70053,PERITONEAL FLUID,90093,ANAEROBIC BOTTLE
70003,ABSCESS,90245,ANAEROBIC CULTURE
70005,ASPIRATE,90245,ANAEROBIC CULTURE
70009,BILE,90245,ANAEROBIC CULTURE
70010,BIOPSY,90245,ANAEROBIC CULTURE
70007,BLOOD BAG FLUID,90245,ANAEROBIC CULTURE
70012,BLOOD CULTURE,90245,ANAEROBIC CULTURE
70018,BONE MARROW,90245,ANAEROBIC CULTURE
70020,BRONCHIAL BRUSH,90245,ANAEROBIC CULTURE
70008,BRONCHIAL BRUSH - PROTECTED,90245,ANAEROBIC CULTURE
70022,BRONCHIAL WASHINGS,90245,ANAEROBIC CULTURE
70021,BRONCHOALVEOLAR LAVAGE,90245,ANAEROBIC CULTURE
70023,CATHETER TIP-IV,90245,ANAEROBIC CULTURE
70027,CORNEAL EYE SCRAPINGS,90245,ANAEROBIC CULTURE
70026,CSF;SPINAL FLUID,90245,ANAEROBIC CULTURE
70029,DIALYSIS FLUID,90245,ANAEROBIC CULTURE
70031,EAR,90245,ANAEROBIC CULTURE
70033,EYE,90245,ANAEROBIC CULTURE
70013,FLUID RECEIVED IN BLOOD CULTURE BOTTLES,90245,ANAEROBIC CULTURE
70036,FLUID WOUND,90245,ANAEROBIC CULTURE
70051,"FLUID,OTHER",90245,ANAEROBIC CULTURE
70037,FOOT CULTURE,90245,ANAEROBIC CULTURE
70034,FOREIGN BODY,90245,ANAEROBIC CULTURE
90912,Foreign Body - Sonication Culture,90245,ANAEROBIC CULTURE
70047,JOINT FLUID,90245,ANAEROBIC CULTURE
70048,NAIL SCRAPINGS,90245,ANAEROBIC CULTURE
70053,PERITONEAL FLUID,90245,ANAEROBIC CULTURE
70054,PLEURAL FLUID,90245,ANAEROBIC CULTURE
70055,POSTMORTEM CULTURE,90245,ANAEROBIC CULTURE
90920,PROSTHETIC JOINT FLUID,90245,ANAEROBIC CULTURE
70061,SKIN SCRAPINGS,90245,ANAEROBIC CULTURE
70062,SPUTUM,90245,ANAEROBIC CULTURE
70070,SWAB,90245,ANAEROBIC CULTURE
70067,SWAB,90245,ANAEROBIC CULTURE
70069,SWAB,90245,ANAEROBIC CULTURE
70068,SWAB,90245,ANAEROBIC CULTURE
70084,SWAB,90245,ANAEROBIC CULTURE
90928,Swab,90245,ANAEROBIC CULTURE
70075,THROAT CULTURE,90245,ANAEROBIC CULTURE
70002,THROAT FOR STREP,90245,ANAEROBIC CULTURE
70076,TISSUE,90245,ANAEROBIC CULTURE
70072,TRACHEAL ASPIRATE,90245,ANAEROBIC CULTURE
70079,URINE,90245,ANAEROBIC CULTURE
70077,URINE,90245,ANAEROBIC CULTURE
70080,"URINE,KIDNEY",90245,ANAEROBIC CULTURE
70082,"URINE,SUPRAPUBIC ASPIRATE",90245,ANAEROBIC CULTURE
70017,SEROLOGY/BLOOD,90129,ASO Screen
70017,SEROLOGY/BLOOD,90131,ASO TITER
70005,ASPIRATE,90173,Acid Fast Stain for Cryptosporidium
70009,BILE,90173,Acid Fast Stain for Cryptosporidium
70010,BIOPSY,90173,Acid Fast Stain for Cryptosporidium
70067,SWAB,90173,Acid Fast Stain for Cryptosporidium
90902,AMNIOTIC FLUID,90153,Additional Cells and Karyotype
70019,BONE MARROW - CYTOGENETICS,90153,Additional Cells and Karyotype
90909,CHORIONIC VILLUS SAMPLE,90153,Additional Cells and Karyotype
70049,NEOPLASTIC BLOOD,90153,Additional Cells and Karyotype
70052,PERIPHERAL BLOOD LYMPHOCYTES,90153,Additional Cells and Karyotype
70073,TISSUE,90153,Additional Cells and Karyotype
70003,ABSCESS,90203,Aerobic Bottle Gram Stain
70012,BLOOD CULTURE,90203,Aerobic Bottle Gram Stain
70011,BLOOD CULTURE ( MYCO/F LYTIC BOTTLE),90203,Aerobic Bottle Gram Stain
70016,BLOOD CULTURE (POST-MORTEM),90203,Aerobic Bottle Gram Stain
70013,FLUID RECEIVED IN BLOOD CULTURE BOTTLES,90203,Aerobic Bottle Gram Stain
70053,PERITONEAL FLUID,90203,Aerobic Bottle Gram Stain
70055,POSTMORTEM CULTURE,90203,Aerobic Bottle Gram Stain
70060,Stem Cell - Blood Culture,90203,Aerobic Bottle Gram Stain
70012,BLOOD CULTURE,90204,Anaerobic Bottle Gram Stain
70016,BLOOD CULTURE (POST-MORTEM),90204,Anaerobic Bottle Gram Stain
70013,FLUID RECEIVED IN BLOOD CULTURE BOTTLES,90204,Anaerobic Bottle Gram Stain
90915,Isolate,90204,Anaerobic Bottle Gram Stain
70053,PERITONEAL FLUID,90204,Anaerobic Bottle Gram Stain
70055,POSTMORTEM CULTURE,90204,Anaerobic Bottle Gram Stain
70060,Stem Cell - Blood Culture,90204,Anaerobic Bottle Gram Stain
70047,JOINT FLUID,90236,"Anaerobic culture, Prosthetic Joint Fluid"
90920,PROSTHETIC JOINT FLUID,90236,"Anaerobic culture, Prosthetic Joint Fluid"
70012,BLOOD CULTURE,90154,BARTONELLA BLOOD CULTURE
70015,BLOOD,90264,BLOOD/AFB CULTURE
70012,BLOOD CULTURE,90264,BLOOD/AFB CULTURE
70011,BLOOD CULTURE ( MYCO/F LYTIC BOTTLE),90264,BLOOD/AFB CULTURE
70016,BLOOD CULTURE (POST-MORTEM),90264,BLOOD/AFB CULTURE
70014,BLOOD CULTURE - NEONATE,90264,BLOOD/AFB CULTURE
70029,DIALYSIS FLUID,90264,BLOOD/AFB CULTURE
70013,FLUID RECEIVED IN BLOOD CULTURE BOTTLES,90264,BLOOD/AFB CULTURE
70053,PERITONEAL FLUID,90264,BLOOD/AFB CULTURE
70054,PLEURAL FLUID,90264,BLOOD/AFB CULTURE
70017,SEROLOGY/BLOOD,90264,BLOOD/AFB CULTURE
70015,BLOOD,90265,BLOOD/FUNGAL CULTURE
70012,BLOOD CULTURE,90265,BLOOD/FUNGAL CULTURE
70011,BLOOD CULTURE ( MYCO/F LYTIC BOTTLE),90265,BLOOD/FUNGAL CULTURE
70016,BLOOD CULTURE (POST-MORTEM),90265,BLOOD/FUNGAL CULTURE
70014,BLOOD CULTURE - NEONATE,90265,BLOOD/FUNGAL CULTURE
70029,DIALYSIS FLUID,90265,BLOOD/FUNGAL CULTURE
70013,FLUID RECEIVED IN BLOOD CULTURE BOTTLES,90265,BLOOD/FUNGAL CULTURE
70053,PERITONEAL FLUID,90265,BLOOD/FUNGAL CULTURE
70054,PLEURAL FLUID,90265,BLOOD/FUNGAL CULTURE
70017,SEROLOGY/BLOOD,90265,BLOOD/FUNGAL CULTURE
70003,ABSCESS,90061,BRUCELLA BLOOD CULTURE
70012,BLOOD CULTURE,90061,BRUCELLA BLOOD CULTURE
70010,BIOPSY,90049,BRUCELLA CULTURE
70018,BONE MARROW,90049,BRUCELLA CULTURE
70034,FOREIGN BODY,90049,BRUCELLA CULTURE
70047,JOINT FLUID,90049,BRUCELLA CULTURE
70053,PERITONEAL FLUID,90049,BRUCELLA CULTURE
70076,TISSUE,90049,BRUCELLA CULTURE
70014,BLOOD CULTURE - NEONATE,90202,"Blood Culture, Neonate"
70012,BLOOD CULTURE,90206,"Blood Culture, Post Mortem"
70016,BLOOD CULTURE (POST-MORTEM),90206,"Blood Culture, Post Mortem"
70055,POSTMORTEM CULTURE,90206,"Blood Culture, Post Mortem"
70015,BLOOD,90201,"Blood Culture, Routine"
70012,BLOOD CULTURE,90201,"Blood Culture, Routine"
70011,BLOOD CULTURE ( MYCO/F LYTIC BOTTLE),90201,"Blood Culture, Routine"
70013,FLUID RECEIVED IN BLOOD CULTURE BOTTLES,90201,"Blood Culture, Routine"
70017,SEROLOGY/BLOOD,90201,"Blood Culture, Routine"
90901,,90201,"Blood Culture, Routine"
70064,STOOL,90221,C. difficile PCR
70066,STOOL (RECEIVED IN TRANSPORT SYSTEM),90221,C. difficile PCR
70070,SWAB,90221,C. difficile PCR
70064,STOOL,90233,C. difficile Toxin antigen assay
70005,ASPIRATE,90243,CAMPYLOBACTER CULTURE
70038,FECAL SWAB,90243,CAMPYLOBACTER CULTURE
70051,"FLUID,OTHER",90243,CAMPYLOBACTER CULTURE
70064,STOOL,90243,CAMPYLOBACTER CULTURE
70066,STOOL (RECEIVED IN TRANSPORT SYSTEM),90243,CAMPYLOBACTER CULTURE
70070,SWAB,90243,CAMPYLOBACTER CULTURE
70068,SWAB,90262,CHLAMYDIA CULTURE
70075,THROAT CULTURE,90262,CHLAMYDIA CULTURE
70019,BONE MARROW - CYTOGENETICS,90088,CHROMOSOME ANALYSIS - ADDITIONAL KARYOTYPE
70073,TISSUE,90088,CHROMOSOME ANALYSIS - ADDITIONAL KARYOTYPE
90902,AMNIOTIC FLUID,90076,CHROMOSOME ANALYSIS-AMNIOTIC FLUID
70019,BONE MARROW - CYTOGENETICS,90075,CHROMOSOME ANALYSIS-BLOOD
70049,NEOPLASTIC BLOOD,90075,CHROMOSOME ANALYSIS-BLOOD
70052,PERIPHERAL BLOOD LYMPHOCYTES,90075,CHROMOSOME ANALYSIS-BLOOD
70019,BONE MARROW - CYTOGENETICS,90111,CHROMOSOME ANALYSIS-BONE MARROW
70049,NEOPLASTIC BLOOD,90111,CHROMOSOME ANALYSIS-BONE MARROW
90909,CHORIONIC VILLUS SAMPLE,90071,CHROMOSOME ANALYSIS-CVS
70035,"FLUID,OTHER",90078,CHROMOSOME ANALYSIS-FLUID
70019,BONE MARROW - CYTOGENETICS,90146,CHROMOSOME ANALYSIS-NEOPLASTIC BLOOD
70049,NEOPLASTIC BLOOD,90146,CHROMOSOME ANALYSIS-NEOPLASTIC BLOOD
70052,PERIPHERAL BLOOD LYMPHOCYTES,90146,CHROMOSOME ANALYSIS-NEOPLASTIC BLOOD
70073,TISSUE,90072,CHROMOSOME ANALYSIS-TISSUE
70005,ASPIRATE,90212,CLOSTRIDIUM DIFFICILE TOXIN A & B TEST
70064,STOOL,90212,CLOSTRIDIUM DIFFICILE TOXIN A & B TEST
70066,STOOL (RECEIVED IN TRANSPORT SYSTEM),90212,CLOSTRIDIUM DIFFICILE TOXIN A & B TEST
70064,STOOL,90253,CLOSTRIDIUM DIFFICILE TOXIN ASSAY
70066,STOOL (RECEIVED IN TRANSPORT SYSTEM),90253,CLOSTRIDIUM DIFFICILE TOXIN ASSAY
70087,Blood (CMV AB),90143,CMV IgG ANTIBODY
70088,Blood (EBV),90143,CMV IgG ANTIBODY
70093,Blood (Toxo),90143,CMV IgG ANTIBODY
70046,IMMUNOLOGY,90143,CMV IgG ANTIBODY
70017,SEROLOGY/BLOOD,90143,CMV IgG ANTIBODY
70041,VIRAL CULTURE:R/O HERPES SIMPLEX VIRUS,90143,CMV IgG ANTIBODY
70087,Blood (CMV AB),90136,CMV IgM ANTIBODY
70088,Blood (EBV),90136,CMV IgM ANTIBODY
70093,Blood (Toxo),90136,CMV IgM ANTIBODY
70046,IMMUNOLOGY,90136,CMV IgM ANTIBODY
70017,SEROLOGY/BLOOD,90136,CMV IgM ANTIBODY
70087,Blood (CMV AB),90192,CMV Viral Load
70093,Blood (Toxo),90192,CMV Viral Load
70046,IMMUNOLOGY,90192,CMV Viral Load
70045,Immunology (CMV),90192,CMV Viral Load
70003,ABSCESS,90219,CRE/ESBL/AMP-C Screening
90906,"C, E, & A Screening",90219,CRE/ESBL/AMP-C Screening
70015,BLOOD,90249,CRYPTOCOCCAL ANTIGEN
70021,BRONCHOALVEOLAR LAVAGE,90249,CRYPTOCOCCAL ANTIGEN
70087,Blood (CMV AB),90249,CRYPTOCOCCAL ANTIGEN
70026,CSF;SPINAL FLUID,90249,CRYPTOCOCCAL ANTIGEN
70017,SEROLOGY/BLOOD,90249,CRYPTOCOCCAL ANTIGEN
90909,CHORIONIC VILLUS SAMPLE,90124,CVS NEEDLE ASPIRATION EVALUATION
70005,ASPIRATE,90121,CYCLOSPORA STAIN
70009,BILE,90121,CYCLOSPORA STAIN
70051,"FLUID,OTHER",90121,CYCLOSPORA STAIN
70064,STOOL,90121,CYCLOSPORA STAIN
70066,STOOL (RECEIVED IN TRANSPORT SYSTEM),90121,CYCLOSPORA STAIN
70076,TISSUE,90121,CYCLOSPORA STAIN
70003,ABSCESS,90053,CYTOMEGALOVIRUS EARLY ANTIGEN TEST (SHELL VIAL METHOD)
70005,ASPIRATE,90053,CYTOMEGALOVIRUS EARLY ANTIGEN TEST (SHELL VIAL METHOD)
70010,BIOPSY,90053,CYTOMEGALOVIRUS EARLY ANTIGEN TEST (SHELL VIAL METHOD)
70015,BLOOD,90053,CYTOMEGALOVIRUS EARLY ANTIGEN TEST (SHELL VIAL METHOD)
70018,BONE MARROW,90053,CYTOMEGALOVIRUS EARLY ANTIGEN TEST (SHELL VIAL METHOD)
70020,BRONCHIAL BRUSH,90053,CYTOMEGALOVIRUS EARLY ANTIGEN TEST (SHELL VIAL METHOD)
70008,BRONCHIAL BRUSH - PROTECTED,90053,CYTOMEGALOVIRUS EARLY ANTIGEN TEST (SHELL VIAL METHOD)
70022,BRONCHIAL WASHINGS,90053,CYTOMEGALOVIRUS EARLY ANTIGEN TEST (SHELL VIAL METHOD)
70021,BRONCHOALVEOLAR LAVAGE,90053,CYTOMEGALOVIRUS EARLY ANTIGEN TEST (SHELL VIAL METHOD)
70033,EYE,90053,CYTOMEGALOVIRUS EARLY ANTIGEN TEST (SHELL VIAL METHOD)
70051,"FLUID,OTHER",90053,CYTOMEGALOVIRUS EARLY ANTIGEN TEST (SHELL VIAL METHOD)
70090,Mini-BAL,90053,CYTOMEGALOVIRUS EARLY ANTIGEN TEST (SHELL VIAL METHOD)
70054,PLEURAL FLUID,90053,CYTOMEGALOVIRUS EARLY ANTIGEN TEST (SHELL VIAL METHOD)
90921,POST-MORTEM VIRAL CULTURE,90053,CYTOMEGALOVIRUS EARLY ANTIGEN TEST (SHELL VIAL METHOD)
70055,POSTMORTEM CULTURE,90053,CYTOMEGALOVIRUS EARLY ANTIGEN TEST (SHELL VIAL METHOD)
70057,Rapid Respiratory Viral Screen & Culture,90053,CYTOMEGALOVIRUS EARLY ANTIGEN TEST (SHELL VIAL METHOD)
70070,SWAB,90053,CYTOMEGALOVIRUS EARLY ANTIGEN TEST (SHELL VIAL METHOD)
70068,SWAB,90053,CYTOMEGALOVIRUS EARLY ANTIGEN TEST (SHELL VIAL METHOD)
70075,THROAT CULTURE,90053,CYTOMEGALOVIRUS EARLY ANTIGEN TEST (SHELL VIAL METHOD)
70076,TISSUE,90053,CYTOMEGALOVIRUS EARLY ANTIGEN TEST (SHELL VIAL METHOD)
70079,URINE,90053,CYTOMEGALOVIRUS EARLY ANTIGEN TEST (SHELL VIAL METHOD)
90935,VIRAL CULTURE,90053,CYTOMEGALOVIRUS EARLY ANTIGEN TEST (SHELL VIAL METHOD)
70024,VIRAL CULTURE: R/O CYTOMEGALOVIRUS,90053,CYTOMEGALOVIRUS EARLY ANTIGEN TEST (SHELL VIAL METHOD)
70041,VIRAL CULTURE:R/O HERPES SIMPLEX VIRUS,90053,CYTOMEGALOVIRUS EARLY ANTIGEN TEST (SHELL VIAL METHOD)
70025,CRE Screen,90218,Carbapenemase Resistant Enterobacteriaceae Screen
70070,SWAB,90218,Carbapenemase Resistant Enterobacteriaceae Screen
70040,SWAB,90116,"Chlamydia trachomatis, Nucleic Acid Probe, with Amplification"
70068,SWAB,90116,"Chlamydia trachomatis, Nucleic Acid Probe, with Amplification"
70070,SWAB,90116,"Chlamydia trachomatis, Nucleic Acid Probe, with Amplification"
70067,SWAB,90116,"Chlamydia trachomatis, Nucleic Acid Probe, with Amplification"
70092,"SWAB, R/O GC",90116,"Chlamydia trachomatis, Nucleic Acid Probe, with Amplification"
90928,Swab,90116,"Chlamydia trachomatis, Nucleic Acid Probe, with Amplification"
70077,URINE,90116,"Chlamydia trachomatis, Nucleic Acid Probe, with Amplification"
70079,URINE,90116,"Chlamydia trachomatis, Nucleic Acid Probe, with Amplification"
70041,VIRAL CULTURE:R/O HERPES SIMPLEX VIRUS,90116,"Chlamydia trachomatis, Nucleic Acid Probe, with Amplification"
90908,Cipro Resistant Screen,90224,Cipro Resistant Screen
70064,STOOL,90224,Cipro Resistant Screen
70005,ASPIRATE,90174,Concentration and Stain for Giardia
70010,BIOPSY,90174,Concentration and Stain for Giardia
70064,STOOL,90174,Concentration and Stain for Giardia
90909,CHORIONIC VILLUS SAMPLE,90148,Cryopreservation - Cells
70073,TISSUE,90148,Cryopreservation - Cells
70005,ASPIRATE,90160,Cryptosporidium/Giardia (DFA)
70009,BILE,90160,Cryptosporidium/Giardia (DFA)
70051,"FLUID,OTHER",90160,Cryptosporidium/Giardia (DFA)
70064,STOOL,90160,Cryptosporidium/Giardia (DFA)
70066,STOOL (RECEIVED IN TRANSPORT SYSTEM),90160,Cryptosporidium/Giardia (DFA)
70069,SWAB,90160,Cryptosporidium/Giardia (DFA)
70070,SWAB,90160,Cryptosporidium/Giardia (DFA)
70076,TISSUE,90160,Cryptosporidium/Giardia (DFA)
70021,BRONCHOALVEOLAR LAVAGE,90096,DIRECT ANTIGEN TEST FOR VARICELLA-ZOSTER VIRUS
70026,CSF;SPINAL FLUID,90096,DIRECT ANTIGEN TEST FOR VARICELLA-ZOSTER VIRUS
70030,DIRECT ANTIGEN TEST FOR VARICELLA-ZOSTER VIRUS,90096,DIRECT ANTIGEN TEST FOR VARICELLA-ZOSTER VIRUS
70028,Direct Antigen Test for Herpes Simplex Virus Types 1 & 2,90096,DIRECT ANTIGEN TEST FOR VARICELLA-ZOSTER VIRUS
70057,Rapid Respiratory Viral Screen & Culture,90096,DIRECT ANTIGEN TEST FOR VARICELLA-ZOSTER VIRUS
70061,SKIN SCRAPINGS,90096,DIRECT ANTIGEN TEST FOR VARICELLA-ZOSTER VIRUS
70070,SWAB,90096,DIRECT ANTIGEN TEST FOR VARICELLA-ZOSTER VIRUS
70068,SWAB,90096,DIRECT ANTIGEN TEST FOR VARICELLA-ZOSTER VIRUS
70075,THROAT CULTURE,90096,DIRECT ANTIGEN TEST FOR VARICELLA-ZOSTER VIRUS
70076,TISSUE,90096,DIRECT ANTIGEN TEST FOR VARICELLA-ZOSTER VIRUS
70083,VARICELLA-ZOSTER CULTURE,90096,DIRECT ANTIGEN TEST FOR VARICELLA-ZOSTER VIRUS
70041,VIRAL CULTURE:R/O HERPES SIMPLEX VIRUS,90096,DIRECT ANTIGEN TEST FOR VARICELLA-ZOSTER VIRUS
70005,ASPIRATE,90156,DIRECT INFLUENZA A ANTIGEN TEST
70021,BRONCHOALVEOLAR LAVAGE,90156,DIRECT INFLUENZA A ANTIGEN TEST
70042,Influenza A/B by DFA,90156,DIRECT INFLUENZA A ANTIGEN TEST
70043,Influenza A/B by DFA - Bronch Lavage,90156,DIRECT INFLUENZA A ANTIGEN TEST
70058,RAPID RESPIRATORY VIRAL ANTIGEN TEST,90156,DIRECT INFLUENZA A ANTIGEN TEST
70057,Rapid Respiratory Viral Screen & Culture,90156,DIRECT INFLUENZA A ANTIGEN TEST
70069,SWAB,90156,DIRECT INFLUENZA A ANTIGEN TEST
70024,VIRAL CULTURE: R/O CYTOMEGALOVIRUS,90156,DIRECT INFLUENZA A ANTIGEN TEST
70005,ASPIRATE,90168,DIRECT INFLUENZA B ANTIGEN TEST
70021,BRONCHOALVEOLAR LAVAGE,90168,DIRECT INFLUENZA B ANTIGEN TEST
70042,Influenza A/B by DFA,90168,DIRECT INFLUENZA B ANTIGEN TEST
70043,Influenza A/B by DFA - Bronch Lavage,90168,DIRECT INFLUENZA B ANTIGEN TEST
70058,RAPID RESPIRATORY VIRAL ANTIGEN TEST,90168,DIRECT INFLUENZA B ANTIGEN TEST
70057,Rapid Respiratory Viral Screen & Culture,90168,DIRECT INFLUENZA B ANTIGEN TEST
70069,SWAB,90168,DIRECT INFLUENZA B ANTIGEN TEST
70024,VIRAL CULTURE: R/O CYTOMEGALOVIRUS,90168,DIRECT INFLUENZA B ANTIGEN TEST
70005,ASPIRATE,90157,DIRECT RSV ANTIGEN TEST
70057,Rapid Respiratory Viral Screen & Culture,90157,DIRECT RSV ANTIGEN TEST
90930,Touch Prep/Sections,90220,"Deparaffinization, Lysis of Cells"
70010,BIOPSY,90104,Direct Antigen Test for Herpes Simplex Virus Types 1 & 2
70021,BRONCHOALVEOLAR LAVAGE,90104,Direct Antigen Test for Herpes Simplex Virus Types 1 & 2
70027,CORNEAL EYE SCRAPINGS,90104,Direct Antigen Test for Herpes Simplex Virus Types 1 & 2
70026,CSF;SPINAL FLUID,90104,Direct Antigen Test for Herpes Simplex Virus Types 1 & 2
70030,DIRECT ANTIGEN TEST FOR VARICELLA-ZOSTER VIRUS,90104,Direct Antigen Test for Herpes Simplex Virus Types 1 & 2
70028,Direct Antigen Test for Herpes Simplex Virus Types 1 & 2,90104,Direct Antigen Test for Herpes Simplex Virus Types 1 & 2
70057,Rapid Respiratory Viral Screen & Culture,90104,Direct Antigen Test for Herpes Simplex Virus Types 1 & 2
70061,SKIN SCRAPINGS,90104,Direct Antigen Test for Herpes Simplex Virus Types 1 & 2
70070,SWAB,90104,Direct Antigen Test for Herpes Simplex Virus Types 1 & 2
70068,SWAB,90104,Direct Antigen Test for Herpes Simplex Virus Types 1 & 2
70075,THROAT CULTURE,90104,Direct Antigen Test for Herpes Simplex Virus Types 1 & 2
70076,TISSUE,90104,Direct Antigen Test for Herpes Simplex Virus Types 1 & 2
70083,VARICELLA-ZOSTER CULTURE,90104,Direct Antigen Test for Herpes Simplex Virus Types 1 & 2
70041,VIRAL CULTURE:R/O HERPES SIMPLEX VIRUS,90104,Direct Antigen Test for Herpes Simplex Virus Types 1 & 2
70068,SWAB,90225,ED Gram Stain for Yeast
70070,SWAB,90225,ED Gram Stain for Yeast
70040,SWAB,90225,ED Gram Stain for Yeast
90928,Swab,90225,ED Gram Stain for Yeast
70087,Blood (CMV AB),90135,EPSTEIN-BARR VIRUS EBNA IgG AB
70088,Blood (EBV),90135,EPSTEIN-BARR VIRUS EBNA IgG AB
70032,Blood (EBV),90135,EPSTEIN-BARR VIRUS EBNA IgG AB
90919,Blood (LYME),90135,EPSTEIN-BARR VIRUS EBNA IgG AB
70046,IMMUNOLOGY,90135,EPSTEIN-BARR VIRUS EBNA IgG AB
70017,SEROLOGY/BLOOD,90135,EPSTEIN-BARR VIRUS EBNA IgG AB
70087,Blood (CMV AB),90101,EPSTEIN-BARR VIRUS VCA-IgG AB
70088,Blood (EBV),90101,EPSTEIN-BARR VIRUS VCA-IgG AB
70032,Blood (EBV),90101,EPSTEIN-BARR VIRUS VCA-IgG AB
90919,Blood (LYME),90101,EPSTEIN-BARR VIRUS VCA-IgG AB
70046,IMMUNOLOGY,90101,EPSTEIN-BARR VIRUS VCA-IgG AB
70017,SEROLOGY/BLOOD,90101,EPSTEIN-BARR VIRUS VCA-IgG AB
70087,Blood (CMV AB),90134,EPSTEIN-BARR VIRUS VCA-IgM AB
70088,Blood (EBV),90134,EPSTEIN-BARR VIRUS VCA-IgM AB
70032,Blood (EBV),90134,EPSTEIN-BARR VIRUS VCA-IgM AB
90919,Blood (LYME),90134,EPSTEIN-BARR VIRUS VCA-IgM AB
70046,IMMUNOLOGY,90134,EPSTEIN-BARR VIRUS VCA-IgM AB
70017,SEROLOGY/BLOOD,90134,EPSTEIN-BARR VIRUS VCA-IgM AB
70010,BIOPSY,90213,Enterovirus Culture
70026,CSF;SPINAL FLUID,90213,Enterovirus Culture
70051,"FLUID,OTHER",90213,Enterovirus Culture
70042,Influenza A/B by DFA,90213,Enterovirus Culture
70054,PLEURAL FLUID,90213,Enterovirus Culture
70057,Rapid Respiratory Viral Screen & Culture,90213,Enterovirus Culture
70061,SKIN SCRAPINGS,90213,Enterovirus Culture
70064,STOOL,90213,Enterovirus Culture
70070,SWAB,90213,Enterovirus Culture
70069,SWAB,90213,Enterovirus Culture
70075,THROAT CULTURE,90213,Enterovirus Culture
70076,TISSUE,90213,Enterovirus Culture
70005,ASPIRATE,90267,FECAL CULTURE
70038,FECAL SWAB,90267,FECAL CULTURE
70051,"FLUID,OTHER",90267,FECAL CULTURE
70064,STOOL,90267,FECAL CULTURE
70066,STOOL (RECEIVED IN TRANSPORT SYSTEM),90267,FECAL CULTURE
70070,SWAB,90267,FECAL CULTURE
70064,STOOL,90087,FECAL CULTURE - R/O E.COLI 0157:H7
70066,STOOL (RECEIVED IN TRANSPORT SYSTEM),90087,FECAL CULTURE - R/O E.COLI 0157:H7
70064,STOOL,90083,FECAL CULTURE - R/O VIBRIO
70066,STOOL (RECEIVED IN TRANSPORT SYSTEM),90083,FECAL CULTURE - R/O VIBRIO
70064,STOOL,90086,FECAL CULTURE - R/O YERSINIA
70066,STOOL (RECEIVED IN TRANSPORT SYSTEM),90086,FECAL CULTURE - R/O YERSINIA
70076,TISSUE,90086,FECAL CULTURE - R/O YERSINIA
90902,AMNIOTIC FLUID,90171,"FISH ANALYSIS, 10-30 CELLS"
70019,BONE MARROW - CYTOGENETICS,90171,"FISH ANALYSIS, 10-30 CELLS"
90909,CHORIONIC VILLUS SAMPLE,90171,"FISH ANALYSIS, 10-30 CELLS"
70035,"FLUID,OTHER",90171,"FISH ANALYSIS, 10-30 CELLS"
70052,PERIPHERAL BLOOD LYMPHOCYTES,90171,"FISH ANALYSIS, 10-30 CELLS"
70073,TISSUE,90171,"FISH ANALYSIS, 10-30 CELLS"
70019,BONE MARROW - CYTOGENETICS,90170,"FISH ANALYSIS, 3-5 CELLS"
90909,CHORIONIC VILLUS SAMPLE,90170,"FISH ANALYSIS, 3-5 CELLS"
70052,PERIPHERAL BLOOD LYMPHOCYTES,90170,"FISH ANALYSIS, 3-5 CELLS"
70073,TISSUE,90170,"FISH ANALYSIS, 3-5 CELLS"
70003,ABSCESS,90268,FLUID CULTURE
70005,ASPIRATE,90268,FLUID CULTURE
70009,BILE,90268,FLUID CULTURE
70010,BIOPSY,90268,FLUID CULTURE
70007,BLOOD BAG FLUID,90268,FLUID CULTURE
70018,BONE MARROW,90268,FLUID CULTURE
70022,BRONCHIAL WASHINGS,90268,FLUID CULTURE
70026,CSF;SPINAL FLUID,90268,FLUID CULTURE
70029,DIALYSIS FLUID,90268,FLUID CULTURE
70033,EYE,90268,FLUID CULTURE
70013,FLUID RECEIVED IN BLOOD CULTURE BOTTLES,90268,FLUID CULTURE
70036,FLUID WOUND,90268,FLUID CULTURE
70051,"FLUID,OTHER",90268,FLUID CULTURE
70047,JOINT FLUID,90268,FLUID CULTURE
70053,PERITONEAL FLUID,90268,FLUID CULTURE
70054,PLEURAL FLUID,90268,FLUID CULTURE
90920,PROSTHETIC JOINT FLUID,90268,FLUID CULTURE
70057,Rapid Respiratory Viral Screen & Culture,90268,FLUID CULTURE
70067,SWAB,90268,FLUID CULTURE
70070,SWAB,90268,FLUID CULTURE
70068,SWAB,90268,FLUID CULTURE
70076,TISSUE,90268,FLUID CULTURE
70079,URINE,90268,FLUID CULTURE
70080,"URINE,KIDNEY",90268,FLUID CULTURE
70082,"URINE,SUPRAPUBIC ASPIRATE",90268,FLUID CULTURE
90902,AMNIOTIC FLUID,90074,FOCUSED ANALYSIS
70019,BONE MARROW - CYTOGENETICS,90074,FOCUSED ANALYSIS
90909,CHORIONIC VILLUS SAMPLE,90074,FOCUSED ANALYSIS
70035,"FLUID,OTHER",90074,FOCUSED ANALYSIS
70049,NEOPLASTIC BLOOD,90074,FOCUSED ANALYSIS
70052,PERIPHERAL BLOOD LYMPHOCYTES,90074,FOCUSED ANALYSIS
70073,TISSUE,90074,FOCUSED ANALYSIS
70003,ABSCESS,90269,FUNGAL CULTURE
70005,ASPIRATE,90269,FUNGAL CULTURE
70009,BILE,90269,FUNGAL CULTURE
70010,BIOPSY,90269,FUNGAL CULTURE
70007,BLOOD BAG FLUID,90269,FUNGAL CULTURE
70018,BONE MARROW,90269,FUNGAL CULTURE
70020,BRONCHIAL BRUSH,90269,FUNGAL CULTURE
70008,BRONCHIAL BRUSH - PROTECTED,90269,FUNGAL CULTURE
70022,BRONCHIAL WASHINGS,90269,FUNGAL CULTURE
70021,BRONCHOALVEOLAR LAVAGE,90269,FUNGAL CULTURE
70023,CATHETER TIP-IV,90269,FUNGAL CULTURE
70027,CORNEAL EYE SCRAPINGS,90269,FUNGAL CULTURE
70026,CSF;SPINAL FLUID,90269,FUNGAL CULTURE
70029,DIALYSIS FLUID,90269,FUNGAL CULTURE
70031,EAR,90269,FUNGAL CULTURE
70033,EYE,90269,FUNGAL CULTURE
70013,FLUID RECEIVED IN BLOOD CULTURE BOTTLES,90269,FUNGAL CULTURE
70036,FLUID WOUND,90269,FUNGAL CULTURE
70051,"FLUID,OTHER",90269,FUNGAL CULTURE
70037,FOOT CULTURE,90269,FUNGAL CULTURE
70034,FOREIGN BODY,90269,FUNGAL CULTURE
90912,Foreign Body - Sonication Culture,90269,FUNGAL CULTURE
70047,JOINT FLUID,90269,FUNGAL CULTURE
70090,Mini-BAL,90269,FUNGAL CULTURE
70048,NAIL SCRAPINGS,90269,FUNGAL CULTURE
70053,PERITONEAL FLUID,90269,FUNGAL CULTURE
70054,PLEURAL FLUID,90269,FUNGAL CULTURE
70055,POSTMORTEM CULTURE,90269,FUNGAL CULTURE
90920,PROSTHETIC JOINT FLUID,90269,FUNGAL CULTURE
70061,SKIN SCRAPINGS,90269,FUNGAL CULTURE
70062,SPUTUM,90269,FUNGAL CULTURE
70064,STOOL,90269,FUNGAL CULTURE
70070,SWAB,90269,FUNGAL CULTURE
70067,SWAB,90269,FUNGAL CULTURE
70069,SWAB,90269,FUNGAL CULTURE
70068,SWAB,90269,FUNGAL CULTURE
70071,SWAB - R/O YEAST,90269,FUNGAL CULTURE
70092,"SWAB, R/O GC",90269,FUNGAL CULTURE
70074,THROAT,90269,FUNGAL CULTURE
70075,THROAT CULTURE,90269,FUNGAL CULTURE
70002,THROAT FOR STREP,90269,FUNGAL CULTURE
70076,TISSUE,90269,FUNGAL CULTURE
70072,TRACHEAL ASPIRATE,90269,FUNGAL CULTURE
70079,URINE,90269,FUNGAL CULTURE
70077,URINE,90269,FUNGAL CULTURE
70080,"URINE,KIDNEY",90269,FUNGAL CULTURE
70082,"URINE,SUPRAPUBIC ASPIRATE",90269,FUNGAL CULTURE
70086,XXX,90269,FUNGAL CULTURE
70028,Direct Antigen Test for Herpes Simplex Virus Types 1 & 2,90178,FUNGAL CULTURE (HAIR/SKIN/NAILS)
90913,HAIR,90178,FUNGAL CULTURE (HAIR/SKIN/NAILS)
70048,NAIL SCRAPINGS,90178,FUNGAL CULTURE (HAIR/SKIN/NAILS)
70061,SKIN SCRAPINGS,90178,FUNGAL CULTURE (HAIR/SKIN/NAILS)
70070,SWAB,90178,FUNGAL CULTURE (HAIR/SKIN/NAILS)
70068,SWAB,90178,FUNGAL CULTURE (HAIR/SKIN/NAILS)
70041,VIRAL CULTURE:R/O HERPES SIMPLEX VIRUS,90178,FUNGAL CULTURE (HAIR/SKIN/NAILS)
70012,BLOOD CULTURE,90205,Fluid Culture in Bottles
70011,BLOOD CULTURE ( MYCO/F LYTIC BOTTLE),90205,Fluid Culture in Bottles
70029,DIALYSIS FLUID,90205,Fluid Culture in Bottles
70013,FLUID RECEIVED IN BLOOD CULTURE BOTTLES,90205,Fluid Culture in Bottles
70051,"FLUID,OTHER",90205,Fluid Culture in Bottles
70047,JOINT FLUID,90205,Fluid Culture in Bottles
70053,PERITONEAL FLUID,90205,Fluid Culture in Bottles
70054,PLEURAL FLUID,90205,Fluid Culture in Bottles
70003,ABSCESS,90169,GEN-PROBE AMPLIFIED M. TUBERCULOSIS DIRECT TEST (MTD)
70022,BRONCHIAL WASHINGS,90169,GEN-PROBE AMPLIFIED M. TUBERCULOSIS DIRECT TEST (MTD)
70021,BRONCHOALVEOLAR LAVAGE,90169,GEN-PROBE AMPLIFIED M. TUBERCULOSIS DIRECT TEST (MTD)
70054,PLEURAL FLUID,90169,GEN-PROBE AMPLIFIED M. TUBERCULOSIS DIRECT TEST (MTD)
70062,SPUTUM,90169,GEN-PROBE AMPLIFIED M. TUBERCULOSIS DIRECT TEST (MTD)
70051,"FLUID,OTHER",90038,GENITAL CULTURE
70068,SWAB,90038,GENITAL CULTURE
70070,SWAB,90038,GENITAL CULTURE
70084,SWAB,90038,GENITAL CULTURE
70092,"SWAB, R/O GC",90038,GENITAL CULTURE
70077,URINE,90038,GENITAL CULTURE
70068,SWAB,90187,GENITAL CULTURE FOR TOXIC SHOCK
70003,ABSCESS,90270,GRAM STAIN
70005,ASPIRATE,90270,GRAM STAIN
70009,BILE,90270,GRAM STAIN
70010,BIOPSY,90270,GRAM STAIN
70007,BLOOD BAG FLUID,90270,GRAM STAIN
70018,BONE MARROW,90270,GRAM STAIN
70020,BRONCHIAL BRUSH,90270,GRAM STAIN
70008,BRONCHIAL BRUSH - PROTECTED,90270,GRAM STAIN
70022,BRONCHIAL WASHINGS,90270,GRAM STAIN
70021,BRONCHOALVEOLAR LAVAGE,90270,GRAM STAIN
70023,CATHETER TIP-IV,90270,GRAM STAIN
70027,CORNEAL EYE SCRAPINGS,90270,GRAM STAIN
70026,CSF;SPINAL FLUID,90270,GRAM STAIN
70029,DIALYSIS FLUID,90270,GRAM STAIN
70031,EAR,90270,GRAM STAIN
70033,EYE,90270,GRAM STAIN
70013,FLUID RECEIVED IN BLOOD CULTURE BOTTLES,90270,GRAM STAIN
70036,FLUID WOUND,90270,GRAM STAIN
70051,"FLUID,OTHER",90270,GRAM STAIN
70037,FOOT CULTURE,90270,GRAM STAIN
70034,FOREIGN BODY,90270,GRAM STAIN
90912,Foreign Body - Sonication Culture,90270,GRAM STAIN
70047,JOINT FLUID,90270,GRAM STAIN
70090,Mini-BAL,90270,GRAM STAIN
70048,NAIL SCRAPINGS,90270,GRAM STAIN
70053,PERITONEAL FLUID,90270,GRAM STAIN
70054,PLEURAL FLUID,90270,GRAM STAIN
70055,POSTMORTEM CULTURE,90270,GRAM STAIN
90920,PROSTHETIC JOINT FLUID,90270,GRAM STAIN
70058,RAPID RESPIRATORY VIRAL ANTIGEN TEST,90270,GRAM STAIN
70057,Rapid Respiratory Viral Screen & Culture,90270,GRAM STAIN
70061,SKIN SCRAPINGS,90270,GRAM STAIN
70062,SPUTUM,90270,GRAM STAIN
70064,STOOL,90270,GRAM STAIN
70066,STOOL (RECEIVED IN TRANSPORT SYSTEM),90270,GRAM STAIN
70067,SWAB,90270,GRAM STAIN
70070,SWAB,90270,GRAM STAIN
70069,SWAB,90270,GRAM STAIN
70068,SWAB,90270,GRAM STAIN
70084,SWAB,90270,GRAM STAIN
70059,Staph aureus swab,90270,GRAM STAIN
90928,Swab,90270,GRAM STAIN
70074,THROAT,90270,GRAM STAIN
70075,THROAT CULTURE,90270,GRAM STAIN
70076,TISSUE,90270,GRAM STAIN
70072,TRACHEAL ASPIRATE,90270,GRAM STAIN
70079,URINE,90270,GRAM STAIN
70080,"URINE,KIDNEY",90270,GRAM STAIN
70082,"URINE,SUPRAPUBIC ASPIRATE",90270,GRAM STAIN
70086,XXX,90270,GRAM STAIN
70051,"FLUID,OTHER",90050,GRAM STAIN- R/O THRUSH
70069,SWAB,90050,GRAM STAIN- R/O THRUSH
70070,SWAB,90050,GRAM STAIN- R/O THRUSH
70068,SWAB,90050,GRAM STAIN- R/O THRUSH
70075,THROAT CULTURE,90050,GRAM STAIN- R/O THRUSH
70002,THROAT FOR STREP,90050,GRAM STAIN- R/O THRUSH
70088,Blood (EBV),90177,HBV Viral Load
70093,Blood (Toxo),90177,HBV Viral Load
70046,IMMUNOLOGY,90177,HBV Viral Load
70017,SEROLOGY/BLOOD,90177,HBV Viral Load
70046,IMMUNOLOGY,90172,HCV GENOTYPE
70087,Blood (CMV AB),90123,HCV VIRAL LOAD
70088,Blood (EBV),90123,HCV VIRAL LOAD
70093,Blood (Toxo),90123,HCV VIRAL LOAD
70046,IMMUNOLOGY,90123,HCV VIRAL LOAD
70017,SEROLOGY/BLOOD,90123,HCV VIRAL LOAD
70087,Blood (CMV AB),90119,HELICOBACTER PYLORI ANTIBODY TEST
70088,Blood (EBV),90119,HELICOBACTER PYLORI ANTIBODY TEST
70046,IMMUNOLOGY,90119,HELICOBACTER PYLORI ANTIBODY TEST
70017,SEROLOGY/BLOOD,90119,HELICOBACTER PYLORI ANTIBODY TEST
70064,STOOL,90119,HELICOBACTER PYLORI ANTIBODY TEST
70026,CSF;SPINAL FLUID,90175,HIV-1 Viral Load/Ultrasensitive
70046,IMMUNOLOGY,90175,HIV-1 Viral Load/Ultrasensitive
70045,Immunology (CMV),90175,HIV-1 Viral Load/Ultrasensitive
70017,SEROLOGY/BLOOD,90175,HIV-1 Viral Load/Ultrasensitive
70021,BRONCHOALVEOLAR LAVAGE,90054,IMMUNOFLUORESCENT TEST FOR PNEUMOCYSTIS CARINII
70062,SPUTUM,90054,IMMUNOFLUORESCENT TEST FOR PNEUMOCYSTIS CARINII
70076,TISSUE,90054,IMMUNOFLUORESCENT TEST FOR PNEUMOCYSTIS CARINII
90902,AMNIOTIC FLUID,90164,"INTERPHASE FISH ANALYSIS, 100-300 CELLS"
70019,BONE MARROW - CYTOGENETICS,90164,"INTERPHASE FISH ANALYSIS, 100-300 CELLS"
90909,CHORIONIC VILLUS SAMPLE,90164,"INTERPHASE FISH ANALYSIS, 100-300 CELLS"
70035,"FLUID,OTHER",90164,"INTERPHASE FISH ANALYSIS, 100-300 CELLS"
70049,NEOPLASTIC BLOOD,90164,"INTERPHASE FISH ANALYSIS, 100-300 CELLS"
70073,TISSUE,90164,"INTERPHASE FISH ANALYSIS, 100-300 CELLS"
90930,Touch Prep/Sections,90164,"INTERPHASE FISH ANALYSIS, 100-300 CELLS"
90902,AMNIOTIC FLUID,90163,"INTERPHASE FISH ANALYSIS, 25-99 CELLS"
70019,BONE MARROW - CYTOGENETICS,90163,"INTERPHASE FISH ANALYSIS, 25-99 CELLS"
70035,"FLUID,OTHER",90163,"INTERPHASE FISH ANALYSIS, 25-99 CELLS"
90930,Touch Prep/Sections,90163,"INTERPHASE FISH ANALYSIS, 25-99 CELLS"
70015,BLOOD,90167,ISOLATE FOR MIC
70012,BLOOD CULTURE,90167,ISOLATE FOR MIC
70051,"FLUID,OTHER",90167,ISOLATE FOR MIC
90915,Isolate,90167,ISOLATE FOR MIC
70062,SPUTUM,90167,ISOLATE FOR MIC
70070,SWAB,90167,ISOLATE FOR MIC
70076,TISSUE,90167,ISOLATE FOR MIC
70079,URINE,90167,ISOLATE FOR MIC
70086,XXX,90167,ISOLATE FOR MIC
70003,ABSCESS,90199,Immunofluorescent test for Pneumocystis jirovecii (carinii)
70005,ASPIRATE,90199,Immunofluorescent test for Pneumocystis jirovecii (carinii)
70010,BIOPSY,90199,Immunofluorescent test for Pneumocystis jirovecii (carinii)
70020,BRONCHIAL BRUSH,90199,Immunofluorescent test for Pneumocystis jirovecii (carinii)
70008,BRONCHIAL BRUSH - PROTECTED,90199,Immunofluorescent test for Pneumocystis jirovecii (carinii)
70022,BRONCHIAL WASHINGS,90199,Immunofluorescent test for Pneumocystis jirovecii (carinii)
70021,BRONCHOALVEOLAR LAVAGE,90199,Immunofluorescent test for Pneumocystis jirovecii (carinii)
70051,"FLUID,OTHER",90199,Immunofluorescent test for Pneumocystis jirovecii (carinii)
70090,Mini-BAL,90199,Immunofluorescent test for Pneumocystis jirovecii (carinii)
70054,PLEURAL FLUID,90199,Immunofluorescent test for Pneumocystis jirovecii (carinii)
70058,RAPID RESPIRATORY VIRAL ANTIGEN TEST,90199,Immunofluorescent test for Pneumocystis jirovecii (carinii)
70062,SPUTUM,90199,Immunofluorescent test for Pneumocystis jirovecii (carinii)
70070,SWAB,90199,Immunofluorescent test for Pneumocystis jirovecii (carinii)
70076,TISSUE,90199,Immunofluorescent test for Pneumocystis jirovecii (carinii)
70072,TRACHEAL ASPIRATE,90199,Immunofluorescent test for Pneumocystis jirovecii (carinii)
70003,ABSCESS,90059,LEGIONELLA CULTURE
70009,BILE,90059,LEGIONELLA CULTURE
70010,BIOPSY,90059,LEGIONELLA CULTURE
70020,BRONCHIAL BRUSH,90059,LEGIONELLA CULTURE
70008,BRONCHIAL BRUSH - PROTECTED,90059,LEGIONELLA CULTURE
70022,BRONCHIAL WASHINGS,90059,LEGIONELLA CULTURE
70021,BRONCHOALVEOLAR LAVAGE,90059,LEGIONELLA CULTURE
70051,"FLUID,OTHER",90059,LEGIONELLA CULTURE
70090,Mini-BAL,90059,LEGIONELLA CULTURE
70053,PERITONEAL FLUID,90059,LEGIONELLA CULTURE
70054,PLEURAL FLUID,90059,LEGIONELLA CULTURE
70017,SEROLOGY/BLOOD,90059,LEGIONELLA CULTURE
70062,SPUTUM,90059,LEGIONELLA CULTURE
70070,SWAB,90059,LEGIONELLA CULTURE
70067,SWAB,90059,LEGIONELLA CULTURE
70068,SWAB,90059,LEGIONELLA CULTURE
70069,SWAB,90059,LEGIONELLA CULTURE
70076,TISSUE,90059,LEGIONELLA CULTURE
70072,TRACHEAL ASPIRATE,90059,LEGIONELLA CULTURE
70079,URINE,90059,LEGIONELLA CULTURE
70087,Blood (CMV AB),90132,LYME SEROLOGY
70088,Blood (EBV),90132,LYME SEROLOGY
70026,CSF;SPINAL FLUID,90132,LYME SEROLOGY
70017,SEROLOGY/BLOOD,90132,LYME SEROLOGY
70076,TISSUE,90128,Legionella Urinary Antigen 
70081,URINE,90128,Legionella Urinary Antigen 
70079,URINE,90128,Legionella Urinary Antigen 
70088,Blood (EBV),90228,Lyme IgG
90919,Blood (LYME),90228,Lyme IgG
70017,SEROLOGY/BLOOD,90228,Lyme IgG
70088,Blood (EBV),90229,Lyme IgM
90919,Blood (LYME),90229,Lyme IgM
70017,SEROLOGY/BLOOD,90229,Lyme IgM
70012,BLOOD CULTURE,90215,M. furfur Blood Culture
70011,BLOOD CULTURE ( MYCO/F LYTIC BOTTLE),90215,M. furfur Blood Culture
70012,BLOOD CULTURE,90109,M.FURFUR CULTURE
70005,ASPIRATE,90106,MICROSPORIDIA STAIN
70009,BILE,90106,MICROSPORIDIA STAIN
70010,BIOPSY,90106,MICROSPORIDIA STAIN
70051,"FLUID,OTHER",90106,MICROSPORIDIA STAIN
70064,STOOL,90106,MICROSPORIDIA STAIN
70066,STOOL (RECEIVED IN TRANSPORT SYSTEM),90106,MICROSPORIDIA STAIN
70069,SWAB,90106,MICROSPORIDIA STAIN
70070,SWAB,90106,MICROSPORIDIA STAIN
70076,TISSUE,90106,MICROSPORIDIA STAIN
70079,URINE,90106,MICROSPORIDIA STAIN
70003,ABSCESS,90112,MODIFIED ACID-FAST STAIN FOR NOCARDIA
70005,ASPIRATE,90112,MODIFIED ACID-FAST STAIN FOR NOCARDIA
70009,BILE,90112,MODIFIED ACID-FAST STAIN FOR NOCARDIA
70010,BIOPSY,90112,MODIFIED ACID-FAST STAIN FOR NOCARDIA
70018,BONE MARROW,90112,MODIFIED ACID-FAST STAIN FOR NOCARDIA
70020,BRONCHIAL BRUSH,90112,MODIFIED ACID-FAST STAIN FOR NOCARDIA
70022,BRONCHIAL WASHINGS,90112,MODIFIED ACID-FAST STAIN FOR NOCARDIA
70021,BRONCHOALVEOLAR LAVAGE,90112,MODIFIED ACID-FAST STAIN FOR NOCARDIA
70051,"FLUID,OTHER",90112,MODIFIED ACID-FAST STAIN FOR NOCARDIA
70034,FOREIGN BODY,90112,MODIFIED ACID-FAST STAIN FOR NOCARDIA
70090,Mini-BAL,90112,MODIFIED ACID-FAST STAIN FOR NOCARDIA
70053,PERITONEAL FLUID,90112,MODIFIED ACID-FAST STAIN FOR NOCARDIA
70054,PLEURAL FLUID,90112,MODIFIED ACID-FAST STAIN FOR NOCARDIA
70062,SPUTUM,90112,MODIFIED ACID-FAST STAIN FOR NOCARDIA
70070,SWAB,90112,MODIFIED ACID-FAST STAIN FOR NOCARDIA
70068,SWAB,90112,MODIFIED ACID-FAST STAIN FOR NOCARDIA
70067,SWAB,90112,MODIFIED ACID-FAST STAIN FOR NOCARDIA
70076,TISSUE,90112,MODIFIED ACID-FAST STAIN FOR NOCARDIA
90902,AMNIOTIC FLUID,90150,MOLECULAR CYTOGENETICS - DNA PROBE
70019,BONE MARROW - CYTOGENETICS,90150,MOLECULAR CYTOGENETICS - DNA PROBE
90909,CHORIONIC VILLUS SAMPLE,90150,MOLECULAR CYTOGENETICS - DNA PROBE
70035,"FLUID,OTHER",90150,MOLECULAR CYTOGENETICS - DNA PROBE
70049,NEOPLASTIC BLOOD,90150,MOLECULAR CYTOGENETICS - DNA PROBE
70052,PERIPHERAL BLOOD LYMPHOCYTES,90150,MOLECULAR CYTOGENETICS - DNA PROBE
70073,TISSUE,90150,MOLECULAR CYTOGENETICS - DNA PROBE
90930,Touch Prep/Sections,90150,MOLECULAR CYTOGENETICS - DNA PROBE
90902,AMNIOTIC FLUID,90155,MOLECULAR CYTOGENETICS-DNA Probe
70019,BONE MARROW - CYTOGENETICS,90155,MOLECULAR CYTOGENETICS-DNA Probe
90909,CHORIONIC VILLUS SAMPLE,90155,MOLECULAR CYTOGENETICS-DNA Probe
70035,"FLUID,OTHER",90155,MOLECULAR CYTOGENETICS-DNA Probe
70049,NEOPLASTIC BLOOD,90155,MOLECULAR CYTOGENETICS-DNA Probe
70052,PERIPHERAL BLOOD LYMPHOCYTES,90155,MOLECULAR CYTOGENETICS-DNA Probe
70073,TISSUE,90155,MOLECULAR CYTOGENETICS-DNA Probe
90930,Touch Prep/Sections,90155,MOLECULAR CYTOGENETICS-DNA Probe
70088,Blood (EBV),90133,MONOSPOT
90919,Blood (LYME),90133,MONOSPOT
70045,Immunology (CMV),90133,MONOSPOT
70017,SEROLOGY/BLOOD,90133,MONOSPOT
70091,MRSA SCREEN,90189,MRSA SCREEN
70064,STOOL,90189,MRSA SCREEN
70070,SWAB,90189,MRSA SCREEN
70068,SWAB,90189,MRSA SCREEN
70069,SWAB,90189,MRSA SCREEN
70040,SWAB,90189,MRSA SCREEN
70059,Staph aureus swab,90189,MRSA SCREEN
70076,TISSUE,90189,MRSA SCREEN
70010,BIOPSY,90222,MTB Direct Amplification
70022,BRONCHIAL WASHINGS,90222,MTB Direct Amplification
70021,BRONCHOALVEOLAR LAVAGE,90222,MTB Direct Amplification
70026,CSF;SPINAL FLUID,90222,MTB Direct Amplification
70090,Mini-BAL,90222,MTB Direct Amplification
70053,PERITONEAL FLUID,90222,MTB Direct Amplification
70054,PLEURAL FLUID,90222,MTB Direct Amplification
70062,SPUTUM,90222,MTB Direct Amplification
70076,TISSUE,90222,MTB Direct Amplification
70072,TRACHEAL ASPIRATE,90222,MTB Direct Amplification
70022,BRONCHIAL WASHINGS,90191,MUMPS IgG ANTIBODY
70088,Blood (EBV),90191,MUMPS IgG ANTIBODY
70017,SEROLOGY/BLOOD,90191,MUMPS IgG ANTIBODY
70015,BLOOD,90210,Malaria Antigen Test
70089,Blood (Malaria),90210,Malaria Antigen Test
70070,SWAB,90216,Malassezia furfur Culture
70012,BLOOD CULTURE,90208,Myco-F Bottle Gram Stain
70011,BLOOD CULTURE ( MYCO/F LYTIC BOTTLE),90208,Myco-F Bottle Gram Stain
70016,BLOOD CULTURE (POST-MORTEM),90208,Myco-F Bottle Gram Stain
70013,FLUID RECEIVED IN BLOOD CULTURE BOTTLES,90208,Myco-F Bottle Gram Stain
70040,SWAB,90188,"NEISSERIA GONORRHOEAE (GC), NUCLEIC ACID PROBE, WITH AMPLIFICATION"
70068,SWAB,90188,"NEISSERIA GONORRHOEAE (GC), NUCLEIC ACID PROBE, WITH AMPLIFICATION"
70070,SWAB,90188,"NEISSERIA GONORRHOEAE (GC), NUCLEIC ACID PROBE, WITH AMPLIFICATION"
70067,SWAB,90188,"NEISSERIA GONORRHOEAE (GC), NUCLEIC ACID PROBE, WITH AMPLIFICATION"
70092,"SWAB, R/O GC",90188,"NEISSERIA GONORRHOEAE (GC), NUCLEIC ACID PROBE, WITH AMPLIFICATION"
90928,Swab,90188,"NEISSERIA GONORRHOEAE (GC), NUCLEIC ACID PROBE, WITH AMPLIFICATION"
70074,THROAT,90188,"NEISSERIA GONORRHOEAE (GC), NUCLEIC ACID PROBE, WITH AMPLIFICATION"
70077,URINE,90188,"NEISSERIA GONORRHOEAE (GC), NUCLEIC ACID PROBE, WITH AMPLIFICATION"
70079,URINE,90188,"NEISSERIA GONORRHOEAE (GC), NUCLEIC ACID PROBE, WITH AMPLIFICATION"
70041,VIRAL CULTURE:R/O HERPES SIMPLEX VIRUS,90188,"NEISSERIA GONORRHOEAE (GC), NUCLEIC ACID PROBE, WITH AMPLIFICATION"
70003,ABSCESS,90099,NOCARDIA CULTURE
70005,ASPIRATE,90099,NOCARDIA CULTURE
70009,BILE,90099,NOCARDIA CULTURE
70010,BIOPSY,90099,NOCARDIA CULTURE
70018,BONE MARROW,90099,NOCARDIA CULTURE
70020,BRONCHIAL BRUSH,90099,NOCARDIA CULTURE
70008,BRONCHIAL BRUSH - PROTECTED,90099,NOCARDIA CULTURE
70022,BRONCHIAL WASHINGS,90099,NOCARDIA CULTURE
70021,BRONCHOALVEOLAR LAVAGE,90099,NOCARDIA CULTURE
70026,CSF;SPINAL FLUID,90099,NOCARDIA CULTURE
70051,"FLUID,OTHER",90099,NOCARDIA CULTURE
70037,FOOT CULTURE,90099,NOCARDIA CULTURE
70034,FOREIGN BODY,90099,NOCARDIA CULTURE
70047,JOINT FLUID,90099,NOCARDIA CULTURE
70090,Mini-BAL,90099,NOCARDIA CULTURE
70053,PERITONEAL FLUID,90099,NOCARDIA CULTURE
70054,PLEURAL FLUID,90099,NOCARDIA CULTURE
70062,SPUTUM,90099,NOCARDIA CULTURE
70070,SWAB,90099,NOCARDIA CULTURE
70068,SWAB,90099,NOCARDIA CULTURE
70067,SWAB,90099,NOCARDIA CULTURE
70076,TISSUE,90099,NOCARDIA CULTURE
70079,URINE,90099,NOCARDIA CULTURE
70004,ARTHROPOD,90181,O&P MACROSCOPIC EXAM - ARTHROPOD
90913,HAIR,90181,O&P MACROSCOPIC EXAM - ARTHROPOD
70064,STOOL,90181,O&P MACROSCOPIC EXAM - ARTHROPOD
70076,TISSUE,90181,O&P MACROSCOPIC EXAM - ARTHROPOD
70003,ABSCESS,90180,O&P MACROSCOPIC EXAM - WORM
70005,ASPIRATE,90180,O&P MACROSCOPIC EXAM - WORM
70034,FOREIGN BODY,90180,O&P MACROSCOPIC EXAM - WORM
70054,PLEURAL FLUID,90180,O&P MACROSCOPIC EXAM - WORM
70062,SPUTUM,90180,O&P MACROSCOPIC EXAM - WORM
70064,STOOL,90180,O&P MACROSCOPIC EXAM - WORM
70066,STOOL (RECEIVED IN TRANSPORT SYSTEM),90180,O&P MACROSCOPIC EXAM - WORM
70085,WORM,90180,O&P MACROSCOPIC EXAM - WORM
70003,ABSCESS,90250,OVA + PARASITES
70005,ASPIRATE,90250,OVA + PARASITES
70009,BILE,90250,OVA + PARASITES
70018,BONE MARROW,90250,OVA + PARASITES
70022,BRONCHIAL WASHINGS,90250,OVA + PARASITES
70021,BRONCHOALVEOLAR LAVAGE,90250,OVA + PARASITES
70026,CSF;SPINAL FLUID,90250,OVA + PARASITES
70038,FECAL SWAB,90250,OVA + PARASITES
70051,"FLUID,OTHER",90250,OVA + PARASITES
70090,Mini-BAL,90250,OVA + PARASITES
70053,PERITONEAL FLUID,90250,OVA + PARASITES
70054,PLEURAL FLUID,90250,OVA + PARASITES
70065,SCOTCH TAPE PREP/PADDLE,90250,OVA + PARASITES
70062,SPUTUM,90250,OVA + PARASITES
70064,STOOL,90250,OVA + PARASITES
70066,STOOL (RECEIVED IN TRANSPORT SYSTEM),90250,OVA + PARASITES
70070,SWAB,90250,OVA + PARASITES
70076,TISSUE,90250,OVA + PARASITES
70079,URINE,90250,OVA + PARASITES
70085,WORM,90250,OVA + PARASITES
70055,POSTMORTEM CULTURE,90043,POST MORTEM MYCOLOGY CULTURE
70055,POSTMORTEM CULTURE,90238,POST-MORTEM ACID-FAST CULTURE
70055,POSTMORTEM CULTURE,90239,POST-MORTEM DIRECT ACID-FAST STAIN
90921,POST-MORTEM VIRAL CULTURE,90090,POST-MORTEM VIRAL CULTURE
70055,POSTMORTEM CULTURE,90090,POST-MORTEM VIRAL CULTURE
70055,POSTMORTEM CULTURE,90159,POSTMORTEM CULTURE
70003,ABSCESS,90241,POTASSIUM HYDROXIDE PREPARATION
70005,ASPIRATE,90241,POTASSIUM HYDROXIDE PREPARATION
70009,BILE,90241,POTASSIUM HYDROXIDE PREPARATION
70010,BIOPSY,90241,POTASSIUM HYDROXIDE PREPARATION
70018,BONE MARROW,90241,POTASSIUM HYDROXIDE PREPARATION
70020,BRONCHIAL BRUSH,90241,POTASSIUM HYDROXIDE PREPARATION
70008,BRONCHIAL BRUSH - PROTECTED,90241,POTASSIUM HYDROXIDE PREPARATION
70022,BRONCHIAL WASHINGS,90241,POTASSIUM HYDROXIDE PREPARATION
70021,BRONCHOALVEOLAR LAVAGE,90241,POTASSIUM HYDROXIDE PREPARATION
70027,CORNEAL EYE SCRAPINGS,90241,POTASSIUM HYDROXIDE PREPARATION
70026,CSF;SPINAL FLUID,90241,POTASSIUM HYDROXIDE PREPARATION
70031,EAR,90241,POTASSIUM HYDROXIDE PREPARATION
70033,EYE,90241,POTASSIUM HYDROXIDE PREPARATION
70051,"FLUID,OTHER",90241,POTASSIUM HYDROXIDE PREPARATION
70037,FOOT CULTURE,90241,POTASSIUM HYDROXIDE PREPARATION
70034,FOREIGN BODY,90241,POTASSIUM HYDROXIDE PREPARATION
90912,Foreign Body - Sonication Culture,90241,POTASSIUM HYDROXIDE PREPARATION
70047,JOINT FLUID,90241,POTASSIUM HYDROXIDE PREPARATION
70090,Mini-BAL,90241,POTASSIUM HYDROXIDE PREPARATION
70048,NAIL SCRAPINGS,90241,POTASSIUM HYDROXIDE PREPARATION
70053,PERITONEAL FLUID,90241,POTASSIUM HYDROXIDE PREPARATION
70054,PLEURAL FLUID,90241,POTASSIUM HYDROXIDE PREPARATION
70061,SKIN SCRAPINGS,90241,POTASSIUM HYDROXIDE PREPARATION
70062,SPUTUM,90241,POTASSIUM HYDROXIDE PREPARATION
70070,SWAB,90241,POTASSIUM HYDROXIDE PREPARATION
70067,SWAB,90241,POTASSIUM HYDROXIDE PREPARATION
70069,SWAB,90241,POTASSIUM HYDROXIDE PREPARATION
70068,SWAB,90241,POTASSIUM HYDROXIDE PREPARATION
70075,THROAT CULTURE,90241,POTASSIUM HYDROXIDE PREPARATION
70076,TISSUE,90241,POTASSIUM HYDROXIDE PREPARATION
70072,TRACHEAL ASPIRATE,90241,POTASSIUM HYDROXIDE PREPARATION
70079,URINE,90241,POTASSIUM HYDROXIDE PREPARATION
70010,BIOPSY,90179,POTASSIUM HYDROXIDE PREPARATION (HAIR/SKIN/NAILS)
70022,BRONCHIAL WASHINGS,90179,POTASSIUM HYDROXIDE PREPARATION (HAIR/SKIN/NAILS)
70026,CSF;SPINAL FLUID,90179,POTASSIUM HYDROXIDE PREPARATION (HAIR/SKIN/NAILS)
70051,"FLUID,OTHER",90179,POTASSIUM HYDROXIDE PREPARATION (HAIR/SKIN/NAILS)
90913,HAIR,90179,POTASSIUM HYDROXIDE PREPARATION (HAIR/SKIN/NAILS)
70048,NAIL SCRAPINGS,90179,POTASSIUM HYDROXIDE PREPARATION (HAIR/SKIN/NAILS)
70061,SKIN SCRAPINGS,90179,POTASSIUM HYDROXIDE PREPARATION (HAIR/SKIN/NAILS)
70070,SWAB,90179,POTASSIUM HYDROXIDE PREPARATION (HAIR/SKIN/NAILS)
70002,THROAT FOR STREP,90179,POTASSIUM HYDROXIDE PREPARATION (HAIR/SKIN/NAILS)
70076,TISSUE,90179,POTASSIUM HYDROXIDE PREPARATION (HAIR/SKIN/NAILS)
90915,Isolate,90209,Pediatric Bottle Gram Stain
70060,Stem Cell - Blood Culture,90209,Pediatric Bottle Gram Stain
90922,MICRO PROBLEM PATIENT,90166,Problem
70026,CSF;SPINAL FLUID,90140,QUANTITATIVE CRYPTOCOCCAL ANTIGEN
70017,SEROLOGY/BLOOD,90140,QUANTITATIVE CRYPTOCOCCAL ANTIGEN
70015,BLOOD,90137,QUANTITATIVE RPR
70088,Blood (EBV),90137,QUANTITATIVE RPR
70046,IMMUNOLOGY,90137,QUANTITATIVE RPR
70017,SEROLOGY/BLOOD,90137,QUANTITATIVE RPR
70005,ASPIRATE,90130,R/O Beta Strep Group A
70069,SWAB,90130,R/O Beta Strep Group A
70070,SWAB,90130,R/O Beta Strep Group A
70068,SWAB,90130,R/O Beta Strep Group A
70092,"SWAB, R/O GC",90130,R/O Beta Strep Group A
70059,Staph aureus swab,90130,R/O Beta Strep Group A
70074,THROAT,90130,R/O Beta Strep Group A
70075,THROAT CULTURE,90130,R/O Beta Strep Group A
70002,THROAT FOR STREP,90130,R/O Beta Strep Group A
70038,FECAL SWAB,90158,R/O GC Only
70056,RECTAL - R/O GC,90158,R/O GC Only
70064,STOOL,90158,R/O GC Only
70068,SWAB,90158,R/O GC Only
70040,SWAB,90158,R/O GC Only
70070,SWAB,90158,R/O GC Only
70069,SWAB,90158,R/O GC Only
70092,"SWAB, R/O GC",90158,R/O GC Only
70074,THROAT,90158,R/O GC Only
70075,THROAT CULTURE,90158,R/O GC Only
70002,THROAT FOR STREP,90158,R/O GC Only
70006,ANORECTAL/VAGINAL,90097,R/O GROUP B BETA STREP
70068,SWAB,90097,R/O GROUP B BETA STREP
70070,SWAB,90097,R/O GROUP B BETA STREP
70069,SWAB,90097,R/O GROUP B BETA STREP
70040,SWAB,90097,R/O GROUP B BETA STREP
70002,THROAT FOR STREP,90097,R/O GROUP B BETA STREP
70006,ANORECTAL/VAGINAL,90194,R/O Group B Strep - Penicillin Allergy
70068,SWAB,90194,R/O Group B Strep - Penicillin Allergy
70091,MRSA SCREEN,90115,R/O VANCOMYCIN RESISTANT ENTEROCOCCUS
70064,STOOL,90115,R/O VANCOMYCIN RESISTANT ENTEROCOCCUS
70070,SWAB,90115,R/O VANCOMYCIN RESISTANT ENTEROCOCCUS
70068,SWAB,90115,R/O VANCOMYCIN RESISTANT ENTEROCOCCUS
70015,BLOOD,90248,RAPID PLASMA REAGIN TEST
70087,Blood (CMV AB),90248,RAPID PLASMA REAGIN TEST
70088,Blood (EBV),90248,RAPID PLASMA REAGIN TEST
90919,Blood (LYME),90248,RAPID PLASMA REAGIN TEST
70093,Blood (Toxo),90248,RAPID PLASMA REAGIN TEST
70026,CSF;SPINAL FLUID,90248,RAPID PLASMA REAGIN TEST
70030,DIRECT ANTIGEN TEST FOR VARICELLA-ZOSTER VIRUS,90248,RAPID PLASMA REAGIN TEST
70046,IMMUNOLOGY,90248,RAPID PLASMA REAGIN TEST
70017,SEROLOGY/BLOOD,90248,RAPID PLASMA REAGIN TEST
70079,URINE,90235,REFLEX URINE CULTURE
70003,ABSCESS,90055,RESPIRATORY CULTURE
70005,ASPIRATE,90055,RESPIRATORY CULTURE
70020,BRONCHIAL BRUSH,90055,RESPIRATORY CULTURE
70008,BRONCHIAL BRUSH - PROTECTED,90055,RESPIRATORY CULTURE
70022,BRONCHIAL WASHINGS,90055,RESPIRATORY CULTURE
70021,BRONCHOALVEOLAR LAVAGE,90055,RESPIRATORY CULTURE
70027,CORNEAL EYE SCRAPINGS,90055,RESPIRATORY CULTURE
70031,EAR,90055,RESPIRATORY CULTURE
70033,EYE,90055,RESPIRATORY CULTURE
70051,"FLUID,OTHER",90055,RESPIRATORY CULTURE
70090,Mini-BAL,90055,RESPIRATORY CULTURE
70058,RAPID RESPIRATORY VIRAL ANTIGEN TEST,90055,RESPIRATORY CULTURE
70057,Rapid Respiratory Viral Screen & Culture,90055,RESPIRATORY CULTURE
70062,SPUTUM,90055,RESPIRATORY CULTURE
70069,SWAB,90055,RESPIRATORY CULTURE
70070,SWAB,90055,RESPIRATORY CULTURE
70068,SWAB,90055,RESPIRATORY CULTURE
70067,SWAB,90055,RESPIRATORY CULTURE
70059,Staph aureus swab,90055,RESPIRATORY CULTURE
70075,THROAT CULTURE,90055,RESPIRATORY CULTURE
70002,THROAT FOR STREP,90055,RESPIRATORY CULTURE
70076,TISSUE,90055,RESPIRATORY CULTURE
70072,TRACHEAL ASPIRATE,90055,RESPIRATORY CULTURE
90919,Blood (LYME),90226,RPR w/check for Prozone
70017,SEROLOGY/BLOOD,90226,RPR w/check for Prozone
70093,Blood (Toxo),90254,RUBELLA IgG SEROLOGY
70017,SEROLOGY/BLOOD,90254,RUBELLA IgG SEROLOGY
70017,SEROLOGY/BLOOD,90127,"RUBEOLA ANTIBODY, IgG"
70046,IMMUNOLOGY,90195,Reflex HCV Qual PCR
70005,ASPIRATE,90105,Respiratory Viral Antigen Screen
70020,BRONCHIAL BRUSH,90105,Respiratory Viral Antigen Screen
70022,BRONCHIAL WASHINGS,90105,Respiratory Viral Antigen Screen
70021,BRONCHOALVEOLAR LAVAGE,90105,Respiratory Viral Antigen Screen
70051,"FLUID,OTHER",90105,Respiratory Viral Antigen Screen
70042,Influenza A/B by DFA,90105,Respiratory Viral Antigen Screen
70043,Influenza A/B by DFA - Bronch Lavage,90105,Respiratory Viral Antigen Screen
70090,Mini-BAL,90105,Respiratory Viral Antigen Screen
70058,RAPID RESPIRATORY VIRAL ANTIGEN TEST,90105,Respiratory Viral Antigen Screen
70057,Rapid Respiratory Viral Screen & Culture,90105,Respiratory Viral Antigen Screen
70062,SPUTUM,90105,Respiratory Viral Antigen Screen
70070,SWAB,90105,Respiratory Viral Antigen Screen
70069,SWAB,90105,Respiratory Viral Antigen Screen
70068,SWAB,90105,Respiratory Viral Antigen Screen
70076,TISSUE,90105,Respiratory Viral Antigen Screen
70024,VIRAL CULTURE: R/O CYTOMEGALOVIRUS,90105,Respiratory Viral Antigen Screen
70005,ASPIRATE,90214,Respiratory Viral Culture
70020,BRONCHIAL BRUSH,90214,Respiratory Viral Culture
70008,BRONCHIAL BRUSH - PROTECTED,90214,Respiratory Viral Culture
70022,BRONCHIAL WASHINGS,90214,Respiratory Viral Culture
70021,BRONCHOALVEOLAR LAVAGE,90214,Respiratory Viral Culture
70051,"FLUID,OTHER",90214,Respiratory Viral Culture
70042,Influenza A/B by DFA,90214,Respiratory Viral Culture
70090,Mini-BAL,90214,Respiratory Viral Culture
70054,PLEURAL FLUID,90214,Respiratory Viral Culture
70058,RAPID RESPIRATORY VIRAL ANTIGEN TEST,90214,Respiratory Viral Culture
70057,Rapid Respiratory Viral Screen & Culture,90214,Respiratory Viral Culture
70062,SPUTUM,90214,Respiratory Viral Culture
70069,SWAB,90214,Respiratory Viral Culture
70070,SWAB,90214,Respiratory Viral Culture
70068,SWAB,90214,Respiratory Viral Culture
70075,THROAT CULTURE,90214,Respiratory Viral Culture
70076,TISSUE,90214,Respiratory Viral Culture
70024,VIRAL CULTURE: R/O CYTOMEGALOVIRUS,90214,Respiratory Viral Culture
70005,ASPIRATE,90107,Respiratory Virus Identification
70022,BRONCHIAL WASHINGS,90107,Respiratory Virus Identification
70021,BRONCHOALVEOLAR LAVAGE,90107,Respiratory Virus Identification
70042,Influenza A/B by DFA,90107,Respiratory Virus Identification
70058,RAPID RESPIRATORY VIRAL ANTIGEN TEST,90107,Respiratory Virus Identification
70057,Rapid Respiratory Viral Screen & Culture,90107,Respiratory Virus Identification
70069,SWAB,90107,Respiratory Virus Identification
70017,SEROLOGY/BLOOD,90211,Rubella IgG/IgM Antibody
70065,SCOTCH TAPE PREP/PADDLE,90259,SCOTCH TAPE PREP/PADDLE
70064,STOOL,90259,SCOTCH TAPE PREP/PADDLE
70066,STOOL (RECEIVED IN TRANSPORT SYSTEM),90259,SCOTCH TAPE PREP/PADDLE
70064,STOOL,90959,SHIGA TOXIN (EHEC)
70006,ANORECTAL/VAGINAL,90185,SMEAR FOR BACTERIAL VAGINOSIS
70051,"FLUID,OTHER",90185,SMEAR FOR BACTERIAL VAGINOSIS
70068,SWAB,90185,SMEAR FOR BACTERIAL VAGINOSIS
70040,SWAB,90185,SMEAR FOR BACTERIAL VAGINOSIS
70067,SWAB,90185,SMEAR FOR BACTERIAL VAGINOSIS
70070,SWAB,90185,SMEAR FOR BACTERIAL VAGINOSIS
70069,SWAB,90185,SMEAR FOR BACTERIAL VAGINOSIS
70071,SWAB - R/O YEAST,90185,SMEAR FOR BACTERIAL VAGINOSIS
90928,Swab,90185,SMEAR FOR BACTERIAL VAGINOSIS
70076,TISSUE,90200,STAT OR Gram Stain
70060,Stem Cell - Blood Culture,90182,STEM CELL - AEROBIC BOTTLE
70060,Stem Cell - Blood Culture,90184,STEM CELL - ANAEROBIC BOTTLE
70064,STOOL,90065,STOOL SMEAR FOR POLYMORPHONUCLEAR LEUKOCYTES
70068,SWAB,90098,SWAB- R/O YEAST
70070,SWAB,90098,SWAB- R/O YEAST
70071,SWAB - R/O YEAST,90098,SWAB- R/O YEAST
90929,Swab R/O Yeast Screen,90098,SWAB- R/O YEAST
70075,THROAT CULTURE,90098,SWAB- R/O YEAST
70034,FOREIGN BODY,90227,"Sonication culture, prosthetic joint"
90912,Foreign Body - Sonication Culture,90227,"Sonication culture, prosthetic joint"
70091,MRSA SCREEN,90232,Staph aureus Preop PCR
70059,Staph aureus swab,90232,Staph aureus Preop PCR
70091,MRSA SCREEN,90198,Staph aureus Screen
70069,SWAB,90198,Staph aureus Screen
70070,SWAB,90198,Staph aureus Screen
70068,SWAB,90198,Staph aureus Screen
70059,Staph aureus swab,90198,Staph aureus Screen
70060,Stem Cell - Blood Culture,90207,Stem Cell Aer/Ana Culture
70064,STOOL,90230,Stool Hold Request
90914,Infection Control Yeast,90231,Swab - R/O Yeast - IC
70068,SWAB,90231,Swab - R/O Yeast - IC
70003,ABSCESS,90272,TISSUE
70010,BIOPSY,90272,TISSUE
70031,EAR,90272,TISSUE
70051,"FLUID,OTHER",90272,TISSUE
70034,FOREIGN BODY,90272,TISSUE
70047,JOINT FLUID,90272,TISSUE
70048,NAIL SCRAPINGS,90272,TISSUE
70055,POSTMORTEM CULTURE,90272,TISSUE
70061,SKIN SCRAPINGS,90272,TISSUE
70070,SWAB,90272,TISSUE
70067,SWAB,90272,TISSUE
70076,TISSUE,90272,TISSUE
90902,AMNIOTIC FLUID,90067,TISSUE CULTURE-AMNIOTIC FLUID
90909,CHORIONIC VILLUS SAMPLE,90079,TISSUE CULTURE-CVS
90902,AMNIOTIC FLUID,90068,TISSUE CULTURE-FLUID
70035,"FLUID,OTHER",90068,TISSUE CULTURE-FLUID
70035,"FLUID,OTHER",90066,TISSUE CULTURE-LYMPHOCYTE
70049,NEOPLASTIC BLOOD,90066,TISSUE CULTURE-LYMPHOCYTE
70052,PERIPHERAL BLOOD LYMPHOCYTES,90066,TISSUE CULTURE-LYMPHOCYTE
70035,"FLUID,OTHER",90080,TISSUE CULTURE-TISSUE
70073,TISSUE,90080,TISSUE CULTURE-TISSUE
70087,Blood (CMV AB),90144,TOXOPLASMA IgG ANTIBODY
70093,Blood (Toxo),90144,TOXOPLASMA IgG ANTIBODY
70026,CSF;SPINAL FLUID,90144,TOXOPLASMA IgG ANTIBODY
70045,Immunology (CMV),90144,TOXOPLASMA IgG ANTIBODY
70017,SEROLOGY/BLOOD,90144,TOXOPLASMA IgG ANTIBODY
70087,Blood (CMV AB),90126,TOXOPLASMA IgM ANTIBODY
70093,Blood (Toxo),90126,TOXOPLASMA IgM ANTIBODY
70045,Immunology (CMV),90126,TOXOPLASMA IgM ANTIBODY
70017,SEROLOGY/BLOOD,90126,TOXOPLASMA IgM ANTIBODY
70015,BLOOD,90042,TREPONEMAL ANTIBODY TEST
70088,Blood (EBV),90042,TREPONEMAL ANTIBODY TEST
70017,SEROLOGY/BLOOD,90042,TREPONEMAL ANTIBODY TEST
70064,STOOL,90161,TRICHOMONAS SALINE PREP
70068,SWAB,90161,TRICHOMONAS SALINE PREP
70070,SWAB,90161,TRICHOMONAS SALINE PREP
70040,SWAB,90161,TRICHOMONAS SALINE PREP
70079,URINE,90161,TRICHOMONAS SALINE PREP
70019,BONE MARROW - CYTOGENETICS,90152,Tissue Culture - Neoplastic Blood
70049,NEOPLASTIC BLOOD,90152,Tissue Culture - Neoplastic Blood
70019,BONE MARROW - CYTOGENETICS,90151,Tissue Culture-Bone Marrow
70035,"FLUID,OTHER",90151,Tissue Culture-Bone Marrow
70049,NEOPLASTIC BLOOD,90151,Tissue Culture-Bone Marrow
70073,TISSUE,90151,Tissue Culture-Bone Marrow
90902,AMNIOTIC FLUID,90190,Tissue culture for additional cells
90909,CHORIONIC VILLUS SAMPLE,90190,Tissue culture for additional cells
70073,TISSUE,90190,Tissue culture for additional cells
70051,"FLUID,OTHER",90039,URINE CULTURE
70070,SWAB,90039,URINE CULTURE
70079,URINE,90039,URINE CULTURE
70081,URINE,90039,URINE CULTURE
70077,URINE,90039,URINE CULTURE
70080,"URINE,KIDNEY",90039,URINE CULTURE
70078,"URINE,PROSTATIC MASSAGE",90039,URINE CULTURE
70082,"URINE,SUPRAPUBIC ASPIRATE",90039,URINE CULTURE
70070,SWAB,90113,URINE-GRAM STAIN - UNSPUN
70079,URINE,90113,URINE-GRAM STAIN - UNSPUN
70080,"URINE,KIDNEY",90113,URINE-GRAM STAIN - UNSPUN
70003,ABSCESS,90095,VARICELLA-ZOSTER CULTURE
70010,BIOPSY,90095,VARICELLA-ZOSTER CULTURE
70022,BRONCHIAL WASHINGS,90095,VARICELLA-ZOSTER CULTURE
70021,BRONCHOALVEOLAR LAVAGE,90095,VARICELLA-ZOSTER CULTURE
70026,CSF;SPINAL FLUID,90095,VARICELLA-ZOSTER CULTURE
70030,DIRECT ANTIGEN TEST FOR VARICELLA-ZOSTER VIRUS,90095,VARICELLA-ZOSTER CULTURE
70028,Direct Antigen Test for Herpes Simplex Virus Types 1 & 2,90095,VARICELLA-ZOSTER CULTURE
70051,"FLUID,OTHER",90095,VARICELLA-ZOSTER CULTURE
70058,RAPID RESPIRATORY VIRAL ANTIGEN TEST,90095,VARICELLA-ZOSTER CULTURE
70057,Rapid Respiratory Viral Screen & Culture,90095,VARICELLA-ZOSTER CULTURE
70061,SKIN SCRAPINGS,90095,VARICELLA-ZOSTER CULTURE
70062,SPUTUM,90095,VARICELLA-ZOSTER CULTURE
70070,SWAB,90095,VARICELLA-ZOSTER CULTURE
70068,SWAB,90095,VARICELLA-ZOSTER CULTURE
70069,SWAB,90095,VARICELLA-ZOSTER CULTURE
70075,THROAT CULTURE,90095,VARICELLA-ZOSTER CULTURE
70076,TISSUE,90095,VARICELLA-ZOSTER CULTURE
70083,VARICELLA-ZOSTER CULTURE,90095,VARICELLA-ZOSTER CULTURE
70041,VIRAL CULTURE:R/O HERPES SIMPLEX VIRUS,90095,VARICELLA-ZOSTER CULTURE
70087,Blood (CMV AB),90091,VARICELLA-ZOSTER IgG SEROLOGY
70093,Blood (Toxo),90091,VARICELLA-ZOSTER IgG SEROLOGY
70046,IMMUNOLOGY,90091,VARICELLA-ZOSTER IgG SEROLOGY
70017,SEROLOGY/BLOOD,90091,VARICELLA-ZOSTER IgG SEROLOGY
70003,ABSCESS,90252,VIRAL CULTURE
70005,ASPIRATE,90252,VIRAL CULTURE
70010,BIOPSY,90252,VIRAL CULTURE
70018,BONE MARROW,90252,VIRAL CULTURE
70020,BRONCHIAL BRUSH,90252,VIRAL CULTURE
70008,BRONCHIAL BRUSH - PROTECTED,90252,VIRAL CULTURE
70022,BRONCHIAL WASHINGS,90252,VIRAL CULTURE
70021,BRONCHOALVEOLAR LAVAGE,90252,VIRAL CULTURE
70027,CORNEAL EYE SCRAPINGS,90252,VIRAL CULTURE
70026,CSF;SPINAL FLUID,90252,VIRAL CULTURE
70028,Direct Antigen Test for Herpes Simplex Virus Types 1 & 2,90252,VIRAL CULTURE
70033,EYE,90252,VIRAL CULTURE
70051,"FLUID,OTHER",90252,VIRAL CULTURE
70042,Influenza A/B by DFA,90252,VIRAL CULTURE
70043,Influenza A/B by DFA - Bronch Lavage,90252,VIRAL CULTURE
70047,JOINT FLUID,90252,VIRAL CULTURE
70090,Mini-BAL,90252,VIRAL CULTURE
70053,PERITONEAL FLUID,90252,VIRAL CULTURE
70054,PLEURAL FLUID,90252,VIRAL CULTURE
70055,POSTMORTEM CULTURE,90252,VIRAL CULTURE
70058,RAPID RESPIRATORY VIRAL ANTIGEN TEST,90252,VIRAL CULTURE
70057,Rapid Respiratory Viral Screen & Culture,90252,VIRAL CULTURE
70061,SKIN SCRAPINGS,90252,VIRAL CULTURE
70062,SPUTUM,90252,VIRAL CULTURE
70064,STOOL,90252,VIRAL CULTURE
70066,STOOL (RECEIVED IN TRANSPORT SYSTEM),90252,VIRAL CULTURE
70070,SWAB,90252,VIRAL CULTURE
70069,SWAB,90252,VIRAL CULTURE
70067,SWAB,90252,VIRAL CULTURE
70068,SWAB,90252,VIRAL CULTURE
70040,SWAB,90252,VIRAL CULTURE
90928,Swab,90252,VIRAL CULTURE
70075,THROAT CULTURE,90252,VIRAL CULTURE
70002,THROAT FOR STREP,90252,VIRAL CULTURE
70076,TISSUE,90252,VIRAL CULTURE
70072,TRACHEAL ASPIRATE,90252,VIRAL CULTURE
70079,URINE,90252,VIRAL CULTURE
90935,VIRAL CULTURE,90252,VIRAL CULTURE
70024,VIRAL CULTURE: R/O CYTOMEGALOVIRUS,90252,VIRAL CULTURE
70041,VIRAL CULTURE:R/O HERPES SIMPLEX VIRUS,90252,VIRAL CULTURE
70005,ASPIRATE,90142,VIRAL CULTURE: R/O CYTOMEGALOVIRUS
70010,BIOPSY,90142,VIRAL CULTURE: R/O CYTOMEGALOVIRUS
70010,BIOPSY,90255,VIRAL CULTURE: R/O CYTOMEGALOVIRUS
70015,BLOOD,90142,VIRAL CULTURE: R/O CYTOMEGALOVIRUS
70018,BONE MARROW,90142,VIRAL CULTURE: R/O CYTOMEGALOVIRUS
70020,BRONCHIAL BRUSH,90142,VIRAL CULTURE: R/O CYTOMEGALOVIRUS
70008,BRONCHIAL BRUSH - PROTECTED,90142,VIRAL CULTURE: R/O CYTOMEGALOVIRUS
70022,BRONCHIAL WASHINGS,90142,VIRAL CULTURE: R/O CYTOMEGALOVIRUS
70021,BRONCHOALVEOLAR LAVAGE,90142,VIRAL CULTURE: R/O CYTOMEGALOVIRUS
70026,CSF;SPINAL FLUID,90142,VIRAL CULTURE: R/O CYTOMEGALOVIRUS
70033,EYE,90142,VIRAL CULTURE: R/O CYTOMEGALOVIRUS
70051,"FLUID,OTHER",90142,VIRAL CULTURE: R/O CYTOMEGALOVIRUS
70090,Mini-BAL,90142,VIRAL CULTURE: R/O CYTOMEGALOVIRUS
70053,PERITONEAL FLUID,90142,VIRAL CULTURE: R/O CYTOMEGALOVIRUS
70054,PLEURAL FLUID,90142,VIRAL CULTURE: R/O CYTOMEGALOVIRUS
70058,RAPID RESPIRATORY VIRAL ANTIGEN TEST,90142,VIRAL CULTURE: R/O CYTOMEGALOVIRUS
70057,Rapid Respiratory Viral Screen & Culture,90142,VIRAL CULTURE: R/O CYTOMEGALOVIRUS
70061,SKIN SCRAPINGS,90142,VIRAL CULTURE: R/O CYTOMEGALOVIRUS
70062,SPUTUM,90142,VIRAL CULTURE: R/O CYTOMEGALOVIRUS
70064,STOOL,90142,VIRAL CULTURE: R/O CYTOMEGALOVIRUS
70070,SWAB,90142,VIRAL CULTURE: R/O CYTOMEGALOVIRUS
70069,SWAB,90142,VIRAL CULTURE: R/O CYTOMEGALOVIRUS
70068,SWAB,90142,VIRAL CULTURE: R/O CYTOMEGALOVIRUS
70075,THROAT CULTURE,90142,VIRAL CULTURE: R/O CYTOMEGALOVIRUS
70076,TISSUE,90142,VIRAL CULTURE: R/O CYTOMEGALOVIRUS
70076,TISSUE,90255,VIRAL CULTURE: R/O CYTOMEGALOVIRUS
70072,TRACHEAL ASPIRATE,90142,VIRAL CULTURE: R/O CYTOMEGALOVIRUS
70079,URINE,90142,VIRAL CULTURE: R/O CYTOMEGALOVIRUS
90935,VIRAL CULTURE,90142,VIRAL CULTURE: R/O CYTOMEGALOVIRUS
70024,VIRAL CULTURE: R/O CYTOMEGALOVIRUS,90255,VIRAL CULTURE: R/O CYTOMEGALOVIRUS
70024,VIRAL CULTURE: R/O CYTOMEGALOVIRUS,90142,VIRAL CULTURE: R/O CYTOMEGALOVIRUS
70041,VIRAL CULTURE:R/O HERPES SIMPLEX VIRUS,90142,VIRAL CULTURE: R/O CYTOMEGALOVIRUS
70003,ABSCESS,90256,VIRAL CULTURE: R/O HERPES SIMPLEX VIRUS
70005,ASPIRATE,90256,VIRAL CULTURE: R/O HERPES SIMPLEX VIRUS
70010,BIOPSY,90256,VIRAL CULTURE: R/O HERPES SIMPLEX VIRUS
70018,BONE MARROW,90256,VIRAL CULTURE: R/O HERPES SIMPLEX VIRUS
70020,BRONCHIAL BRUSH,90256,VIRAL CULTURE: R/O HERPES SIMPLEX VIRUS
70008,BRONCHIAL BRUSH - PROTECTED,90256,VIRAL CULTURE: R/O HERPES SIMPLEX VIRUS
70022,BRONCHIAL WASHINGS,90256,VIRAL CULTURE: R/O HERPES SIMPLEX VIRUS
70021,BRONCHOALVEOLAR LAVAGE,90256,VIRAL CULTURE: R/O HERPES SIMPLEX VIRUS
70027,CORNEAL EYE SCRAPINGS,90256,VIRAL CULTURE: R/O HERPES SIMPLEX VIRUS
70026,CSF;SPINAL FLUID,90256,VIRAL CULTURE: R/O HERPES SIMPLEX VIRUS
70030,DIRECT ANTIGEN TEST FOR VARICELLA-ZOSTER VIRUS,90256,VIRAL CULTURE: R/O HERPES SIMPLEX VIRUS
70028,Direct Antigen Test for Herpes Simplex Virus Types 1 & 2,90256,VIRAL CULTURE: R/O HERPES SIMPLEX VIRUS
70051,"FLUID,OTHER",90256,VIRAL CULTURE: R/O HERPES SIMPLEX VIRUS
70090,Mini-BAL,90256,VIRAL CULTURE: R/O HERPES SIMPLEX VIRUS
70054,PLEURAL FLUID,90256,VIRAL CULTURE: R/O HERPES SIMPLEX VIRUS
70058,RAPID RESPIRATORY VIRAL ANTIGEN TEST,90256,VIRAL CULTURE: R/O HERPES SIMPLEX VIRUS
70057,Rapid Respiratory Viral Screen & Culture,90256,VIRAL CULTURE: R/O HERPES SIMPLEX VIRUS
70061,SKIN SCRAPINGS,90256,VIRAL CULTURE: R/O HERPES SIMPLEX VIRUS
70064,STOOL,90256,VIRAL CULTURE: R/O HERPES SIMPLEX VIRUS
70070,SWAB,90256,VIRAL CULTURE: R/O HERPES SIMPLEX VIRUS
70068,SWAB,90256,VIRAL CULTURE: R/O HERPES SIMPLEX VIRUS
70040,SWAB,90256,VIRAL CULTURE: R/O HERPES SIMPLEX VIRUS
70069,SWAB,90256,VIRAL CULTURE: R/O HERPES SIMPLEX VIRUS
70067,SWAB,90256,VIRAL CULTURE: R/O HERPES SIMPLEX VIRUS
90928,Swab,90256,VIRAL CULTURE: R/O HERPES SIMPLEX VIRUS
70075,THROAT CULTURE,90256,VIRAL CULTURE: R/O HERPES SIMPLEX VIRUS
70002,THROAT FOR STREP,90256,VIRAL CULTURE: R/O HERPES SIMPLEX VIRUS
70076,TISSUE,90256,VIRAL CULTURE: R/O HERPES SIMPLEX VIRUS
70083,VARICELLA-ZOSTER CULTURE,90256,VIRAL CULTURE: R/O HERPES SIMPLEX VIRUS
90935,VIRAL CULTURE,90256,VIRAL CULTURE: R/O HERPES SIMPLEX VIRUS
70024,VIRAL CULTURE: R/O CYTOMEGALOVIRUS,90256,VIRAL CULTURE: R/O HERPES SIMPLEX VIRUS
70041,VIRAL CULTURE:R/O HERPES SIMPLEX VIRUS,90256,VIRAL CULTURE: R/O HERPES SIMPLEX VIRUS
70003,ABSCESS,90046,WOUND CULTURE
70005,ASPIRATE,90046,WOUND CULTURE
70009,BILE,90046,WOUND CULTURE
70010,BIOPSY,90046,WOUND CULTURE
70023,CATHETER TIP-IV,90046,WOUND CULTURE
70027,CORNEAL EYE SCRAPINGS,90046,WOUND CULTURE
70031,EAR,90046,WOUND CULTURE
70033,EYE,90046,WOUND CULTURE
70036,FLUID WOUND,90046,WOUND CULTURE
70051,"FLUID,OTHER",90046,WOUND CULTURE
70037,FOOT CULTURE,90046,WOUND CULTURE
70034,FOREIGN BODY,90046,WOUND CULTURE
70047,JOINT FLUID,90046,WOUND CULTURE
70048,NAIL SCRAPINGS,90046,WOUND CULTURE
70053,PERITONEAL FLUID,90046,WOUND CULTURE
90920,PROSTHETIC JOINT FLUID,90046,WOUND CULTURE
70061,SKIN SCRAPINGS,90046,WOUND CULTURE
70064,STOOL,90046,WOUND CULTURE
70067,SWAB,90046,WOUND CULTURE
70070,SWAB,90046,WOUND CULTURE
70068,SWAB,90046,WOUND CULTURE
70069,SWAB,90046,WOUND CULTURE
70084,SWAB,90046,WOUND CULTURE
70059,Staph aureus swab,90046,WOUND CULTURE
90928,Swab,90046,WOUND CULTURE
70075,THROAT CULTURE,90046,WOUND CULTURE
70076,TISSUE,90046,WOUND CULTURE
70006,ANORECTAL/VAGINAL,90186,YEAST VAGINITIS CULTURE
70051,"FLUID,OTHER",90186,YEAST VAGINITIS CULTURE
70068,SWAB,90186,YEAST VAGINITIS CULTURE
70040,SWAB,90186,YEAST VAGINITIS CULTURE
70070,SWAB,90186,YEAST VAGINITIS CULTURE
70069,SWAB,90186,YEAST VAGINITIS CULTURE
70071,SWAB - R/O YEAST,90186,YEAST VAGINITIS CULTURE
90928,Swab,90186,YEAST VAGINITIS CULTURE
70012,BLOOD CULTURE,90193,voided
70021,BRONCHOALVEOLAR LAVAGE,90193,voided
70064,STOOL,90193,voided
70068,SWAB,90193,voided
